Date,S&P,Long Interest Rate,Real Price,Real Dividend,CAPE,Date Fraction
1881.01,6.19,3.7,162.1,6.94,18.47,1881.04
1881.02,6.17,3.69,159.96,7,18.15,1881.12
1881.03,6.24,3.69,161.78,7.13,18.27,1881.21
1881.04,6.22,3.68,159.66,7.19,17.95,1881.29
1881.05,6.5,3.67,168.52,7.39,18.87,1881.37
1881.06,6.58,3.67,170.59,7.52,19.03,1881.46
1881.07,6.35,3.66,163,7.57,18.12,1881.54
1881.08,6.2,3.65,156.06,7.55,17.29,1881.62
1881.09,6.25,3.65,151.44,7.39,16.72,1881.71
1881.1,6.15,3.64,147.63,7.44,16.26,1881.79
1881.11,6.19,3.63,149.98,7.63,16.48,1881.87
1881.12,6.01,3.63,145.62,7.75,15.96,1881.96
1882.01,5.92,3.62,143.44,7.75,15.68,1882.04
1882.02,5.79,3.62,138.99,7.68,15.15,1882.12
1882.03,5.78,3.62,138.75,7.68,15.09,1882.21
1882.04,5.78,3.62,137.48,7.61,14.92,1882.29
1882.05,5.71,3.62,134.58,7.54,14.57,1882.37
1882.06,5.68,3.62,132.67,7.47,14.33,1882.46
1882.07,6,3.63,141.41,7.54,15.24,1882.54
1882.08,6.18,3.63,144.34,7.47,15.53,1882.62
1882.09,6.24,3.63,149.79,7.68,16.08,1882.71
1882.1,6.07,3.63,147.07,7.75,15.76,1882.79
1882.11,5.81,3.63,142.1,7.83,15.19,1882.87
1882.12,5.84,3.63,144.2,7.9,15.38,1882.96
1883.01,5.81,3.63,143.46,7.92,15.27,1883.04
1883.02,5.68,3.63,138.92,7.87,14.76,1883.12
1883.03,5.75,3.63,141.97,7.96,15.05,1883.21
1883.04,5.87,3.63,146.33,8.06,15.48,1883.29
1883.05,5.77,3.63,145.24,8.16,15.34,1883.37
1883.06,5.82,3.63,150.89,8.43,15.9,1883.46
1883.07,5.73,3.63,151.59,8.62,15.95,1883.54
1883.08,5.47,3.62,144.71,8.64,15.2,1883.62
1883.09,5.53,3.62,147.8,8.75,15.49,1883.71
1883.1,5.38,3.62,143.8,8.77,15.05,1883.79
1883.11,5.46,3.62,147.45,8.89,15.41,1883.87
1883.12,5.34,3.62,142.73,8.82,14.9,1883.96
1884.01,5.18,3.62,138.45,8.77,14.43,1884.04
1884.02,5.32,3.61,142.19,8.73,14.81,1884.12
1884.03,5.3,3.6,141.66,8.69,14.74,1884.21
1884.04,5.06,3.6,138.09,8.82,14.35,1884.29
1884.05,4.65,3.59,129.63,8.97,13.47,1884.37
1884.06,4.46,3.58,124.33,8.92,12.91,1884.46
1884.07,4.46,3.57,125.68,8.97,13.04,1884.54
1884.08,4.74,3.56,133.57,8.92,13.86,1884.62
1884.09,4.59,3.55,130.77,8.97,13.57,1884.71
1884.1,4.44,3.55,127.9,9.03,13.27,1884.79
1884.11,4.35,3.54,128.16,9.18,13.3,1884.87
1884.12,4.34,3.53,129.33,9.24,13.43,1884.96
1885.01,4.24,3.52,126.35,9.07,13.13,1885.04
1885.02,4.37,3.51,128.75,8.79,13.38,1885.12
1885.03,4.38,3.5,132.04,8.82,13.73,1885.21
1885.04,4.37,3.48,130.23,8.54,13.55,1885.29
1885.05,4.32,3.47,131.76,8.56,13.71,1885.37
1885.06,4.3,3.46,134.31,8.59,13.98,1885.46
1885.07,4.46,3.45,137.65,8.31,14.33,1885.54
1885.08,4.71,3.43,145.37,8.13,15.13,1885.62
1885.09,4.65,3.42,145.25,8.04,15.12,1885.71
1885.1,4.92,3.41,153.68,7.86,15.99,1885.79
1885.11,5.24,3.4,161.73,7.59,16.82,1885.87
1885.12,5.2,3.38,156.76,7.24,16.3,1885.96
1886.01,5.2,3.37,160.49,7.35,16.69,1886.04
1886.02,5.3,3.38,163.58,7.31,17.01,1886.12
1886.03,5.19,3.4,162.11,7.34,16.84,1886.21
1886.04,5.12,3.41,161.88,7.38,16.8,1886.29
1886.05,5.02,3.42,162.68,7.51,16.86,1886.37
1886.06,5.25,3.43,172.29,7.55,17.83,1886.46
1886.07,5.33,3.45,172.73,7.4,17.85,1886.54
1886.08,5.37,3.46,171.88,7.26,17.72,1886.62
1886.09,5.51,3.47,176.36,7.2,18.15,1886.71
1886.1,5.65,3.48,180.84,7.15,18.56,1886.79
1886.11,5.79,3.5,185.32,7.1,18.97,1886.87
1886.12,5.64,3.51,178.32,6.96,18.19,1886.96
1887.01,5.58,3.52,172.22,6.87,17.51,1887.04
1887.02,5.54,3.53,168.98,6.86,17.13,1887.12
1887.03,5.67,3.55,172.94,6.94,17.47,1887.21
1887.04,5.8,3.56,176.91,7.02,17.82,1887.29
1887.05,5.9,3.57,179.96,7.09,18.08,1887.37
1887.06,5.73,3.58,176.85,7.25,17.71,1887.46
1887.07,5.59,3.6,174.61,7.42,17.43,1887.54
1887.08,5.45,3.61,168.21,7.41,16.74,1887.62
1887.09,5.38,3.62,168.05,7.57,16.68,1887.71
1887.1,5.2,3.63,160.49,7.56,15.88,1887.79
1887.11,5.3,3.65,161.66,7.55,15.95,1887.87
1887.12,5.27,3.66,157.05,7.45,15.46,1887.96
1888.01,5.31,3.67,156.44,7.32,15.36,1888.04
1888.02,5.28,3.65,157.34,7.35,15.42,1888.12
1888.03,5.08,3.63,151.38,7.3,14.81,1888.21
1888.04,5.1,3.62,153.75,7.33,15.02,1888.29
1888.05,5.17,3.6,157.69,7.37,15.39,1888.37
1888.06,5.01,3.58,154.63,7.41,15.08,1888.46
1888.07,5.14,3.56,156.78,7.27,15.28,1888.54
1888.08,5.25,3.54,160.13,7.22,15.6,1888.62
1888.09,5.38,3.52,164.1,7.17,15.99,1888.71
1888.1,5.35,3.51,161.28,7.03,15.72,1888.79
1888.11,5.24,3.49,156.15,6.9,15.22,1888.87
1888.12,5.14,3.47,153.17,6.85,14.95,1888.96
1889.01,5.24,3.45,161.73,7.07,15.8,1889.04
1889.02,5.3,3.45,165.55,7.13,16.19,1889.12
1889.03,5.19,3.45,164.09,7.19,16.07,1889.21
1889.04,5.18,3.44,163.78,7.17,16.05,1889.29
1889.05,5.32,3.44,172.41,7.32,16.92,1889.37
1889.06,5.41,3.44,175.32,7.29,17.22,1889.46
1889.07,5.3,3.44,171.76,7.27,16.89,1889.54
1889.08,5.37,3.43,174.03,7.24,17.13,1889.62
1889.09,5.5,3.43,176.04,7.12,17.35,1889.71
1889.1,5.4,3.43,172.84,7.1,17.05,1889.79
1889.11,5.35,3.43,171.24,7.07,16.91,1889.87
1889.12,5.32,3.42,168.2,6.96,16.61,1889.96
1890.01,5.38,3.42,174.35,7.13,17.22,1890.04
1890.02,5.32,3.44,172.41,7.13,17.03,1890.12
1890.03,5.28,3.45,171.11,7.13,16.9,1890.21
1890.04,5.39,3.47,174.68,7.13,17.26,1890.29
1890.05,5.62,3.49,179.88,7.04,17.79,1890.37
1890.06,5.58,3.5,178.6,7.04,17.68,1890.46
1890.07,5.54,3.52,177.32,7.04,17.59,1890.54
1890.08,5.41,3.54,166.98,6.79,16.6,1890.62
1890.09,5.32,3.55,162.27,6.71,16.17,1890.71
1890.1,5.08,3.57,154.95,6.71,15.48,1890.79
1890.11,4.71,3.59,147.12,6.87,14.75,1890.87
1890.12,4.6,3.6,143.69,6.87,14.44,1890.96
1891.01,4.84,3.62,153.03,6.96,15.43,1891.04
1891.02,4.9,3.62,153.06,6.87,15.48,1891.12
1891.03,4.81,3.62,148.46,6.79,15.05,1891.21
1891.04,4.97,3.62,151.59,6.71,15.41,1891.29
1891.05,4.95,3.61,152.78,6.79,15.57,1891.37
1891.06,4.85,3.61,153.34,6.96,15.66,1891.46
1891.07,4.77,3.61,152.67,7.04,15.62,1891.54
1891.08,4.93,3.61,157.8,7.04,16.16,1891.62
1891.09,5.33,3.61,172.73,7.13,17.71,1891.71
1891.1,5.33,3.61,172.73,7.13,17.72,1891.79
1891.11,5.25,3.6,172.29,7.22,17.67,1891.87
1891.12,5.41,3.6,177.54,7.22,18.21,1891.96
1892.01,5.51,3.6,185.52,7.46,19.02,1892.04
1892.02,5.52,3.61,185.86,7.52,19.04,1892.12
1892.03,5.58,3.63,192.89,7.78,19.74,1892.21
1892.04,5.57,3.64,195.14,7.94,19.94,1892.29
1892.05,5.57,3.65,195.14,8,19.91,1892.37
1892.06,5.54,3.66,194.09,8.06,19.77,1892.46
1892.07,5.54,3.68,188.99,7.9,19.21,1892.54
1892.08,5.62,3.69,189.23,7.86,19.2,1892.62
1892.09,5.48,3.7,184.51,7.91,18.69,1892.71
1892.1,5.59,3.71,188.22,7.97,19.04,1892.79
1892.11,5.57,3.73,182.79,7.82,18.46,1892.87
1892.12,5.51,3.74,178.56,7.78,18.01,1892.96
1893.01,5.61,3.75,175.23,7.52,17.66,1893.04
1893.02,5.51,3.75,170.06,7.46,17.13,1893.12
1893.03,5.31,3.74,167.89,7.67,16.9,1893.21
1893.04,5.31,3.74,169.96,7.79,17.1,1893.29
1893.05,4.84,3.73,156.85,7.91,15.78,1893.37
1893.06,4.61,3.73,153.23,8.14,15.42,1893.46
1893.07,4.18,3.73,142.59,8.38,14.35,1893.54
1893.08,4.08,3.72,144.9,8.76,14.59,1893.62
1893.09,4.37,3.72,149.07,8.44,15.01,1893.71
1893.1,4.5,3.71,151.51,8.36,15.27,1893.79
1893.11,4.57,3.71,157.98,8.61,15.94,1893.87
1893.12,4.41,3.7,154.5,8.76,15.61,1893.96
1894.01,4.32,3.7,155.56,8.88,15.74,1894.04
1894.02,4.38,3.68,159.94,8.88,16.2,1894.12
1894.03,4.51,3.66,169.46,9.02,17.19,1894.21
1894.04,4.57,3.64,171.71,8.89,17.43,1894.29
1894.05,4.4,3.62,165.32,8.77,16.81,1894.37
1894.06,4.34,3.6,163.07,8.64,16.61,1894.46
1894.07,4.25,3.58,159.69,8.52,16.29,1894.54
1894.08,4.41,3.56,161.03,8.15,16.46,1894.62
1894.09,4.48,3.54,161.32,7.92,16.52,1894.71
1894.1,4.34,3.52,160.74,8.03,16.5,1894.79
1894.11,4.34,3.5,160.74,7.9,16.54,1894.87
1894.12,4.3,3.48,161.57,7.89,16.67,1894.96
1895.01,4.25,3.46,159.69,7.83,16.52,1895.04
1895.02,4.19,3.47,157.43,7.77,16.33,1895.12
1895.03,4.19,3.48,157.43,7.7,16.36,1895.21
1895.04,4.37,3.5,157.36,7.32,16.39,1895.29
1895.05,4.61,3.51,163.72,7.16,17.08,1895.37
1895.06,4.7,3.52,164.66,7.01,17.21,1895.46
1895.07,4.72,3.53,167.63,7.04,17.55,1895.54
1895.08,4.79,3.54,172.48,7.08,18.07,1895.62
1895.09,4.82,3.55,173.56,7.02,18.2,1895.71
1895.1,4.75,3.57,171.04,6.96,17.94,1895.79
1895.11,4.59,3.58,165.28,6.9,17.34,1895.87
1895.12,4.32,3.59,157.75,6.94,16.55,1895.96
1896.01,4.27,3.6,158.15,7.01,16.58,1896.04
1896.02,4.45,3.58,167.2,7.08,17.52,1896.12
1896.03,4.38,3.57,164.57,7.05,17.23,1896.21
1896.04,4.42,3.55,168.52,7.12,17.64,1896.29
1896.05,4.4,3.53,170.26,7.19,17.83,1896.37
1896.06,4.32,3.52,169.7,7.27,17.78,1896.46
1896.07,4.04,3.5,158.7,7.24,16.64,1896.54
1896.08,3.81,3.48,149.66,7.2,15.7,1896.62
1896.09,4.01,3.47,157.52,7.17,16.54,1896.71
1896.1,4.1,3.45,156.32,6.93,16.44,1896.79
1896.11,4.38,3.43,162.22,6.7,17.09,1896.87
1896.12,4.22,3.42,156.3,6.67,16.5,1896.96
1897.01,4.22,3.4,160.89,6.86,17.03,1897.04
1897.02,4.18,3.4,159.37,6.86,16.89,1897.12
1897.03,4.19,3.39,159.75,6.86,16.96,1897.21
1897.04,4.06,3.39,157.1,6.97,16.7,1897.29
1897.05,4.08,3.38,160.27,7.07,17.05,1897.37
1897.06,4.27,3.38,167.73,7.07,17.85,1897.46
1897.07,4.46,3.38,175.2,7.07,18.65,1897.54
1897.08,4.75,3.37,178.48,6.76,19.01,1897.62
1897.09,4.98,3.37,181.85,6.57,19.37,1897.71
1897.1,4.82,3.36,178.52,6.67,19.03,1897.79
1897.11,4.65,3.36,172.22,6.67,18.36,1897.87
1897.12,4.75,3.35,175.93,6.67,18.75,1897.96
1898.01,4.88,3.35,180.74,6.73,19.25,1898.04
1898.02,4.87,3.33,177.83,6.69,18.92,1898.12
1898.03,4.65,3.31,169.8,6.76,18.04,1898.21
1898.04,4.57,3.29,166.88,6.82,17.71,1898.29
1898.05,4.87,3.27,166.13,6.42,17.6,1898.37
1898.06,5.06,3.25,184.77,6.94,19.54,1898.46
1898.07,5.08,3.23,188.15,7.1,19.86,1898.54
1898.08,5.27,3.2,195.18,7.16,20.54,1898.62
1898.09,5.26,3.18,194.81,7.22,20.44,1898.71
1898.1,5.15,3.16,190.74,7.29,19.95,1898.79
1898.11,5.32,3.14,197.04,7.34,20.53,1898.87
1898.12,5.65,3.12,206.31,7.3,21.4,1898.96
1899.01,6.08,3.1,222.01,7.33,22.93,1899.04
1899.02,6.31,3.1,224.1,7.16,23.05,1899.12
1899.03,6.4,3.11,227.3,7.19,23.28,1899.21
1899.04,6.48,3.11,227.03,7.12,23.15,1899.29
1899.05,6.21,3.12,217.57,7.15,22.09,1899.37
1899.06,6.07,3.12,209.83,7.09,21.21,1899.46
1899.07,6.28,3.13,214.23,7.02,21.56,1899.54
1899.08,6.44,3.13,216.83,6.96,21.73,1899.62
1899.09,6.37,3.13,206.43,6.72,20.59,1899.71
1899.1,6.34,3.14,202.93,6.67,20.15,1899.79
1899.11,6.46,3.14,204.25,6.61,20.2,1899.87
1899.12,6.02,3.15,188.04,6.56,18.51,1899.96
1900.01,6.1,3.15,190.54,6.79,18.67,1900.04
1900.02,6.21,3.15,191.67,6.94,18.7,1900.12
1900.03,6.26,3.14,193.21,7.18,18.78,1900.21
1900.04,6.34,3.14,195.68,7.41,18.94,1900.29
1900.05,6.04,3.13,190.97,7.83,18.4,1900.37
1900.06,5.86,3.13,187.56,8.16,17.99,1900.46
1900.07,5.86,3.13,185.28,8.3,17.69,1900.54
1900.08,5.94,3.12,190.12,8.64,18.07,1900.62
1900.09,5.8,3.12,183.38,8.77,17.34,1900.71
1900.1,6.01,3.11,192.36,9.12,18.1,1900.79
1900.11,6.48,3.11,207.41,9.36,19.42,1900.87
1900.12,6.87,3.1,222.64,9.72,20.74,1900.96
1901.01,7.07,3.1,226.29,9.66,20.98,1901.04
1901.02,7.25,3.11,234.95,9.83,21.68,1901.12
1901.03,7.51,3.11,243.38,9.88,22.35,1901.21
1901.04,8.14,3.12,267.14,10.07,24.41,1901.29
1901.05,7.73,3.13,253.68,10.12,23.06,1901.37
1901.06,8.5,3.13,278.95,10.17,25.24,1901.46
1901.07,7.93,3.14,256.99,10.1,23.14,1901.54
1901.08,8.04,3.15,257.34,10.03,23.08,1901.62
1901.09,8,3.15,252.94,9.96,22.59,1901.71
1901.1,7.91,3.16,250.09,10.01,22.25,1901.79
1901.11,8.08,3.17,252.39,9.94,22.38,1901.87
1901.12,7.95,3.17,245.37,9.88,21.68,1901.96
1902.01,8.12,3.18,253.64,10.02,22.34,1902.04
1902.02,8.19,3.19,255.82,10.05,22.46,1902.12
1902.03,8.2,3.2,256.14,10.07,22.41,1902.21
1902.04,8.48,3.21,261.73,9.98,22.82,1902.29
1902.05,8.46,3.22,258.04,9.89,22.43,1902.37
1902.06,8.41,3.23,253.53,9.8,21.96,1902.46
1902.07,8.6,3.24,259.26,9.82,22.39,1902.54
1902.08,8.83,3.25,269.32,9.96,23.17,1902.62
1902.09,8.85,3.26,266.8,9.87,22.86,1902.71
1902.1,8.57,3.27,241.5,9.25,20.6,1902.79
1902.11,8.24,3.28,240.03,9.59,20.41,1902.87
1902.12,8.05,3.29,231.89,9.51,19.63,1902.96
1903.01,8.46,3.3,241.03,9.45,20.32,1903.04
1903.02,8.41,3.31,239.6,9.5,20.11,1903.12
1903.03,8.08,3.32,238.05,9.87,19.88,1903.21
1903.04,7.75,3.33,228.32,9.92,18.98,1903.29
1903.05,7.6,3.33,229.11,10.2,18.95,1903.37
1903.06,7.18,3.34,216.45,10.25,17.82,1903.46
1903.07,6.85,3.35,206.5,10.3,16.92,1903.54
1903.08,6.63,3.36,199.87,10.35,16.3,1903.62
1903.09,6.47,3.37,192.8,10.28,15.65,1903.71
1903.1,6.26,3.38,188.72,10.45,15.25,1903.79
1903.11,6.28,3.38,191.55,10.62,15.41,1903.87
1903.12,6.57,3.39,200.39,10.68,16.04,1903.96
1904.01,6.68,3.4,199.06,10.33,15.86,1904.04
1904.02,6.5,3.41,189.35,10,15.02,1904.12
1904.03,6.48,3.41,190.91,10.02,15.08,1904.21
1904.04,6.64,3.42,197.87,10.03,15.57,1904.29
1904.05,6.5,3.43,198.26,10.17,15.53,1904.37
1904.06,6.51,3.43,198.56,10.07,15.47,1904.46
1904.07,6.78,3.44,206.8,9.96,16.04,1904.54
1904.08,7.01,3.45,211.33,9.75,16.3,1904.62
1904.09,7.32,3.45,218.13,9.54,16.74,1904.71
1904.1,7.75,3.46,230.95,9.44,17.63,1904.79
1904.11,8.17,3.47,237.99,9.13,18.08,1904.87
1904.12,8.25,3.47,240.33,9.03,18.16,1904.96
1905.01,8.43,3.48,245.57,9.08,18.46,1905.04
1905.02,8.8,3.48,256.35,9.13,19.17,1905.12
1905.03,9.05,3.47,266.62,9.28,19.83,1905.21
1905.04,8.94,3.47,263.38,9.33,19.48,1905.29
1905.05,8.5,3.46,253.3,9.49,18.63,1905.37
1905.06,8.6,3.46,256.28,9.54,18.74,1905.46
1905.07,8.87,3.46,264.32,9.59,19.21,1905.54
1905.08,9.2,3.45,271.04,9.52,19.57,1905.62
1905.09,9.23,3.45,275.05,9.68,19.74,1905.71
1905.1,9.36,3.44,278.93,9.74,19.9,1905.79
1905.11,9.31,3.44,274.28,9.67,19.44,1905.87
1905.12,9.54,3.43,277.9,9.61,19.58,1905.96
1906.01,9.87,3.43,287.52,9.78,20.13,1906.04
1906.02,9.8,3.45,285.48,9.95,19.87,1906.12
1906.03,9.56,3.47,278.49,10.12,19.26,1906.21
1906.04,9.43,3.49,274.7,10.29,18.88,1906.29
1906.05,9.18,3.51,264.44,10.35,18.05,1906.37
1906.06,9.3,3.53,267.9,10.51,18.17,1906.46
1906.07,9.06,3.55,269.99,11.05,18.2,1906.54
1906.08,9.73,3.57,283.44,10.97,18.97,1906.62
1906.09,10.03,3.59,288.93,11.02,19.2,1906.71
1906.1,9.73,3.61,274.19,10.94,18.1,1906.79
1906.11,9.93,3.63,276.82,10.99,18.14,1906.87
1906.12,9.84,3.65,271.39,11.03,17.66,1906.96
1907.01,9.56,3.67,266.51,11.24,17.22,1907.04
1907.02,9.26,3.69,252.71,11.1,16.22,1907.12
1907.03,8.35,3.7,230.3,11.31,14.69,1907.21
1907.04,8.39,3.72,231.4,11.4,14.67,1907.29
1907.05,8.1,3.74,218.75,11.25,13.79,1907.37
1907.06,7.84,3.75,209.55,11.23,13.14,1907.46
1907.07,8.14,3.77,217.56,11.31,13.59,1907.54
1907.08,7.53,3.79,201.26,11.4,12.51,1907.62
1907.09,7.45,3.8,199.12,11.49,12.33,1907.71
1907.1,6.64,3.82,175.66,11.46,10.83,1907.79
1907.11,6.25,3.84,172.38,12.04,10.59,1907.87
1907.12,6.57,3.85,185.14,12.4,11.33,1907.96
1908.01,6.85,3.87,195.16,12.44,11.9,1908.04
1908.02,6.6,3.86,190.12,12.48,11.55,1908.12
1908.03,6.87,3.85,197.9,12.39,11.98,1908.21
1908.04,7.24,3.84,206.27,12.16,12.45,1908.29
1908.05,7.63,3.83,217.38,12.06,13.08,1908.37
1908.06,7.64,3.82,217.66,11.97,13.05,1908.46
1908.07,7.92,3.82,223.19,11.74,13.35,1908.54
1908.08,8.26,3.81,232.77,11.65,13.88,1908.62
1908.09,8.17,3.8,230.23,11.55,13.7,1908.71
1908.1,8.27,3.79,230.55,11.34,13.69,1908.79
1908.11,8.83,3.78,243.54,11.12,14.44,1908.87
1908.12,9.03,3.77,246.43,10.92,14.58,1908.96
1909.01,9.06,3.76,249.88,11.12,14.76,1909.04
1909.02,8.8,3.77,240.16,11.1,14.17,1909.12
1909.03,8.92,3.79,243.43,11.19,14.34,1909.21
1909.04,9.32,3.8,249.1,11.05,14.65,1909.29
1909.05,9.63,3.81,254.76,11.02,14.95,1909.37
1909.06,9.8,3.82,256.64,11,15.04,1909.46
1909.07,9.94,3.84,260.31,11.09,15.23,1909.54
1909.08,10.18,3.85,263.92,11.06,15.42,1909.62
1909.09,10.19,3.86,261.57,11.04,15.25,1909.71
1909.1,10.23,3.87,257.5,10.91,14.99,1909.79
1909.11,10.18,3.89,253.77,10.89,14.75,1909.87
1909.12,10.3,3.9,254.32,10.86,14.75,1909.96
1910.01,10.08,3.91,251.28,11.03,14.55,1910.04
1910.02,9.72,3.92,242.31,11.09,14,1910.12
1910.03,9.96,3.92,243.61,10.95,14.05,1910.21
1910.04,9.72,3.93,235.51,10.9,13.56,1910.29
1910.05,9.56,3.93,236.05,11.17,13.57,1910.37
1910.06,9.1,3.94,226.85,11.34,13.02,1910.46
1910.07,8.64,3.95,215.38,11.4,12.34,1910.54
1910.08,8.85,3.95,222.76,11.58,12.75,1910.62
1910.09,8.91,3.96,226.47,11.76,12.94,1910.71
1910.1,9.32,3.96,244.07,12.18,13.92,1910.79
1910.11,9.31,3.97,248.84,12.5,14.16,1910.87
1910.12,9.05,3.97,241.89,12.56,13.74,1910.96
1911.01,9.27,3.98,247.77,12.56,14.05,1911.04
1911.02,9.43,3.98,260.09,12.96,14.72,1911.12
1911.03,9.32,3.99,254.35,12.83,14.37,1911.21
1911.04,9.28,3.99,261.51,13.24,14.75,1911.29
1911.05,9.48,3.99,267.15,13.24,15.05,1911.37
1911.06,9.67,3.99,272.5,13.24,15.33,1911.46
1911.07,9.63,4,268.46,13.1,15.08,1911.54
1911.08,9.17,4,247.65,12.69,13.9,1911.62
1911.09,8.67,4,231.73,12.56,13,1911.71
1911.1,8.72,4,233.07,12.56,13.07,1911.79
1911.11,9.07,4.01,244.94,12.69,13.73,1911.87
1911.12,9.11,4.01,248.62,12.83,13.93,1911.96
1912.01,9.12,4.01,246.3,12.71,13.79,1912.04
1912.02,9.04,4.05,241.62,12.61,13.53,1912.12
1912.03,9.3,4.08,243.55,12.37,13.64,1912.21
1912.04,9.59,4.12,243.75,12.03,13.65,1912.29
1912.05,9.58,4.16,243.5,12.05,13.65,1912.37
1912.06,9.58,4.19,245.91,12.19,13.79,1912.46
1912.07,9.59,4.23,246.17,12.21,13.8,1912.54
1912.08,9.81,4.27,249.35,12.12,13.98,1912.62
1912.09,9.86,4.3,248.18,12.02,13.93,1912.71
1912.1,9.84,4.34,247.68,12.04,13.91,1912.79
1912.11,9.73,4.38,244.91,12.06,13.75,1912.87
1912.12,9.38,4.41,238.42,12.2,13.39,1912.96
1913.01,9.3,4.45,234.09,12.08,13.15,1913.04
1913.02,8.97,4.43,225.78,12.08,12.68,1913.12
1913.03,8.8,4.4,221.5,12.08,12.44,1913.21
1913.04,8.79,4.38,221.25,12.08,12.43,1913.29
1913.05,8.55,4.35,217.43,12.21,12.22,1913.37
1913.06,8.12,4.33,204.39,12.08,11.49,1913.46
1913.07,8.23,4.31,205.06,11.96,11.53,1913.54
1913.08,8.45,4.28,210.54,11.96,11.85,1913.62
1913.09,8.53,4.26,210.41,11.84,11.84,1913.71
1913.1,8.26,4.23,203.75,11.84,11.47,1913.79
1913.11,8.05,4.21,196.61,11.72,11.07,1913.87
1913.12,8.04,4.18,198.33,11.84,11.17,1913.96
1914.01,8.37,4.16,206.47,11.72,11.64,1914.04
1914.02,8.48,4.17,211.29,11.71,11.91,1914.12
1914.03,8.32,4.17,207.31,11.59,11.69,1914.21
1914.04,8.12,4.18,204.39,11.58,11.52,1914.29
1914.05,8.17,4.19,203.57,11.34,11.48,1914.37
1914.06,8.13,4.19,202.57,11.21,11.43,1914.46
1914.07,7.68,4.2,189.45,10.98,10.69,1914.54
1914.08,7.68,4.21,185.73,10.64,10.49,1914.62
1914.09,7.68,4.21,185.73,10.52,10.5,1914.71
1914.1,7.68,4.22,187.57,10.5,10.61,1914.79
1914.11,7.68,4.23,185.73,10.28,10.52,1914.87
1914.12,7.35,4.23,179.51,10.26,10.17,1914.96
1915.01,7.48,4.24,182.68,10.28,10.36,1915.04
1915.02,7.38,4.22,182.05,10.4,10.33,1915.12
1915.03,7.57,4.21,188.62,10.53,10.71,1915.21
1915.04,8.14,4.19,200.79,10.44,11.4,1915.29
1915.05,7.95,4.18,194.16,10.36,11.03,1915.37
1915.06,8.04,4.16,196.36,10.38,11.15,1915.46
1915.07,8.01,4.15,195.63,10.4,11.11,1915.54
1915.08,8.35,4.13,203.93,10.42,11.58,1915.62
1915.09,8.66,4.11,211.5,10.44,12.01,1915.71
1915.1,9.14,4.1,221.04,10.36,12.55,1915.79
1915.11,9.46,4.08,226.56,10.28,12.86,1915.87
1915.12,9.48,4.07,227.04,10.3,12.88,1915.96
1916.01,9.33,4.05,221.29,10.46,12.54,1916.04
1916.02,9.2,4.07,218.21,10.71,12.35,1916.12
1916.03,9.17,4.08,215.43,10.87,12.18,1916.21
1916.04,9.07,4.1,211.07,11.01,11.91,1916.29
1916.05,9.27,4.11,213.71,11.16,12.03,1916.37
1916.06,9.36,4.13,213.78,11.31,12,1916.46
1916.07,9.23,4.14,210.81,11.55,11.79,1916.54
1916.08,9.3,4.16,210.46,11.69,11.73,1916.62
1916.09,9.68,4.17,215.12,11.72,11.94,1916.71
1916.1,9.98,4.19,217.86,11.75,12.05,1916.79
1916.11,10.21,4.2,219,11.78,12.05,1916.87
1916.12,9.8,4.22,208.4,11.91,11.41,1916.96
1917.01,9.57,4.23,201.77,12.03,10.99,1917.04
1917.02,9.03,4.26,185.62,11.96,10.06,1917.12
1917.03,9.31,4.29,191.38,12.18,10.33,1917.21
1917.04,9.17,4.32,179.52,11.81,9.64,1917.29
1917.05,8.86,4.34,170.74,11.84,9.14,1917.37
1917.06,9.04,4.37,171.53,11.86,9.15,1917.46
1917.07,8.79,4.4,169.4,12.25,9,1917.54
1917.08,8.53,4.43,161.86,12.27,8.57,1917.62
1917.09,8.12,4.46,150.6,12.19,7.95,1917.71
1917.1,7.68,4.49,140.33,12.21,7.39,1917.79
1917.11,7.04,4.51,128.64,12.41,6.75,1917.87
1917.12,6.8,4.54,122.44,12.42,6.41,1917.96
1918.01,7.21,4.57,127.04,11.98,6.64,1918.04
1918.02,7.43,4.56,129.98,11.72,6.78,1918.12
1918.03,7.28,4.56,128.27,11.63,6.69,1918.21
1918.04,7.21,4.55,125.25,11.29,6.52,1918.29
1918.05,7.44,4.55,126.57,10.89,6.58,1918.37
1918.06,7.45,4.54,125.01,10.57,6.5,1918.46
1918.07,7.51,4.54,122.68,10.13,6.37,1918.54
1918.08,7.58,4.53,121.41,9.77,6.3,1918.62
1918.09,7.54,4.52,118.47,9.43,6.15,1918.71
1918.1,7.86,4.52,121.18,9.1,6.29,1918.79
1918.11,8.06,4.51,121.97,8.78,6.33,1918.87
1918.12,7.9,4.51,118.1,8.52,6.13,1918.96
1919.01,7.85,4.5,117.36,8.47,6.1,1919.04
1919.02,7.88,4.54,119.99,8.58,6.24,1919.12
1919.03,8.12,4.58,122.13,8.42,6.36,1919.21
1919.04,8.39,4.62,123.93,8.22,6.46,1919.29
1919.05,8.97,4.66,130.93,8.08,6.83,1919.37
1919.06,9.21,4.7,134.43,8.03,7.02,1919.46
1919.07,9.51,4.74,134.82,7.75,7.05,1919.54
1919.08,8.87,4.77,123.62,7.57,6.48,1919.62
1919.09,9.01,4.81,124.86,7.48,6.56,1919.71
1919.1,9.47,4.85,129.06,7.31,6.79,1919.79
1919.11,9.19,4.89,122.54,7.11,6.47,1919.87
1919.12,8.92,4.93,116.42,6.92,6.16,1919.96
1920.01,8.83,4.97,112.86,6.75,5.99,1920.04
1920.02,8.1,4.98,102.46,6.66,5.46,1920.12
1920.03,8.67,4.99,108.56,6.57,5.8,1920.21
1920.04,8.6,5,104.5,6.36,5.6,1920.29
1920.05,8.06,5.01,96.51,6.25,5.19,1920.37
1920.06,7.92,5.02,93.48,6.14,5.04,1920.46
1920.07,7.91,5.03,93.81,6.15,5.08,1920.54
1920.08,7.6,5.04,92.35,6.28,5.02,1920.62
1920.09,7.87,5.05,97.07,6.35,5.3,1920.71
1920.1,7.88,5.06,97.68,6.36,5.35,1920.79
1920.11,7.48,5.07,93.19,6.37,5.13,1920.87
1920.12,6.81,5.08,86.59,6.48,4.78,1920.96
1921.01,7.11,5.09,92.31,6.57,5.12,1921.04
1921.02,7.06,5.02,94.65,6.73,5.27,1921.12
1921.03,6.88,4.96,92.74,6.71,5.19,1921.21
1921.04,6.91,4.89,94.17,6.72,5.3,1921.29
1921.05,7.12,4.83,99.23,6.82,5.61,1921.37
1921.06,6.55,4.76,91.8,6.8,5.22,1921.46
1921.07,6.53,4.7,91,6.7,5.2,1921.54
1921.08,6.45,4.63,89.89,6.64,5.16,1921.62
1921.09,6.61,4.56,93.17,6.66,5.38,1921.71
1921.1,6.7,4.5,94.44,6.6,5.48,1921.79
1921.11,7.06,4.43,100.09,6.58,5.84,1921.87
1921.12,7.31,4.37,104.23,6.56,6.11,1921.96
1922.01,7.3,4.3,106.55,6.78,6.29,1922.04
1922.02,7.46,4.31,108.89,6.84,6.46,1922.12
1922.03,7.74,4.31,114.33,6.98,6.82,1922.21
1922.04,8.21,4.32,121.27,7.04,7.27,1922.29
1922.05,8.53,4.32,126,7.1,7.59,1922.37
1922.06,8.45,4.33,124.81,7.16,7.56,1922.46
1922.07,8.51,4.33,124.95,7.18,7.6,1922.54
1922.08,8.83,4.34,131.21,7.33,8.02,1922.62
1922.09,9.06,4.34,134.63,7.39,8.27,1922.71
1922.1,9.26,4.35,136.78,7.41,8.43,1922.79
1922.11,8.8,4.35,129.21,7.43,8,1922.87
1922.12,8.78,4.36,128.15,7.44,7.96,1922.96
1923.01,8.9,4.36,130.68,7.51,8.15,1923.04
1923.02,9.28,4.34,136.26,7.54,8.53,1923.12
1923.03,9.43,4.31,138.46,7.56,8.7,1923.21
1923.04,9.1,4.29,132.82,7.54,8.37,1923.29
1923.05,8.67,4.26,126.55,7.57,8,1923.37
1923.06,8.34,4.24,121.02,7.55,7.67,1923.46
1923.07,8.06,4.21,115.59,7.48,7.35,1923.54
1923.08,8.1,4.19,116.85,7.55,7.44,1923.62
1923.09,8.15,4.16,116.88,7.53,7.46,1923.71
1923.1,8.03,4.14,114.5,7.51,7.32,1923.79
1923.11,8.27,4.11,117.92,7.53,7.55,1923.87
1923.12,8.55,4.09,121.91,7.56,7.81,1923.96
1924.01,8.83,4.06,125.9,7.58,8.07,1924.04
1924.02,8.87,4.04,127.21,7.65,8.16,1924.12
1924.03,8.7,4.03,125.5,7.72,8.06,1924.21
1924.04,8.5,4.01,123.34,7.79,7.92,1924.29
1924.05,8.47,3.99,122.9,7.81,7.9,1924.37
1924.06,8.63,3.98,125.22,7.84,8.05,1924.46
1924.07,9.03,3.96,130.26,7.81,8.38,1924.54
1924.08,9.34,3.94,135.53,7.88,8.72,1924.62
1924.09,9.25,3.93,133.43,7.86,8.58,1924.71
1924.1,9.13,3.91,130.94,7.84,8.42,1924.79
1924.11,9.64,3.89,138.25,7.86,8.89,1924.87
1924.12,10.16,3.88,144.87,7.84,9.31,1924.96
1925.01,10.58,3.86,150.86,7.9,9.69,1925.04
1925.02,10.67,3.85,153.02,8.01,9.83,1925.12
1925.03,10.39,3.83,148.15,8.02,9.52,1925.21
1925.04,10.28,3.82,147.43,8.13,9.48,1925.29
1925.05,10.61,3.8,151.28,8.14,9.73,1925.37
1925.06,10.8,3.79,152.23,8.1,9.8,1925.46
1925.07,11.1,3.77,154.69,8.07,9.96,1925.54
1925.08,11.25,3.76,156.78,8.13,10.11,1925.62
1925.09,11.51,3.74,160.41,8.19,10.36,1925.71
1925.1,11.89,3.73,165.7,8.25,10.72,1925.79
1925.11,12.26,3.71,168.01,8.16,10.89,1925.87
1925.12,12.46,3.7,171.71,8.27,11.15,1925.96
1926.01,12.65,3.68,174.33,8.37,11.34,1926.04
1926.02,12.67,3.65,174.6,8.48,11.39,1926.12
1926.03,11.81,3.62,163.66,8.63,10.71,1926.21
1926.04,11.48,3.6,158.2,8.68,10.4,1926.29
1926.05,11.56,3.57,160.2,8.83,10.58,1926.37
1926.06,12.11,3.54,168.77,8.99,11.2,1926.46
1926.07,12.62,3.51,177.89,9.2,11.87,1926.54
1926.08,13.12,3.48,186,9.36,12.49,1926.62
1926.09,13.32,3.45,187.75,9.41,12.69,1926.71
1926.1,13.02,3.43,182.48,9.46,12.43,1926.79
1926.11,13.19,3.4,183.82,9.51,12.62,1926.87
1926.12,13.49,3.37,188,9.62,13.01,1926.96
1927.01,13.4,3.34,188.88,9.82,13.19,1927.04
1927.02,13.66,3.34,193.65,9.97,13.63,1927.12
1927.03,13.87,3.34,197.77,10.12,14.03,1927.21
1927.04,14.21,3.34,202.61,10.22,14.49,1927.29
1927.05,14.7,3.34,208.4,10.25,15,1927.37
1927.06,14.89,3.34,208.69,10.23,15.12,1927.46
1927.07,15.22,3.34,217.02,10.5,15.82,1927.54
1927.08,16.03,3.33,229.89,10.66,16.86,1927.62
1927.09,16.94,3.33,241.54,10.69,17.82,1927.71
1927.1,16.68,3.33,236.47,10.73,17.54,1927.79
1927.11,17.06,3.33,243.25,10.88,18.13,1927.87
1927.12,17.46,3.33,248.95,10.98,18.65,1927.96
1928.01,17.53,3.33,249.95,11.07,18.81,1928.04
1928.02,17.32,3.35,249.85,11.3,18.87,1928.12
1928.03,18.25,3.38,263.26,11.4,19.94,1928.21
1928.04,19.4,3.4,279.85,11.49,21.26,1928.29
1928.05,20,3.42,286.83,11.52,21.83,1928.37
1928.06,19.02,3.44,274.37,11.68,20.91,1928.46
1928.07,19.16,3.47,276.39,11.78,21.08,1928.54
1928.08,19.78,3.49,285.33,11.88,21.76,1928.62
1928.09,21.17,3.51,301.85,11.83,23,1928.71
1928.1,21.6,3.53,309.78,12,23.58,1928.79
1928.11,23.06,3.56,330.71,12.09,25.12,1928.87
1928.12,23.15,3.58,333.95,12.26,25.3,1928.96
1929.01,24.86,3.6,358.61,12.41,27.08,1929.04
1929.02,24.99,3.57,360.49,12.55,27.13,1929.12
1929.03,25.43,3.55,368.99,12.77,27.68,1929.21
1929.04,25.28,3.52,368.99,12.99,27.57,1929.29
1929.05,25.66,3.5,372.33,13.06,27.7,1929.37
1929.06,26.15,3.47,377.22,13.13,27.94,1929.46
1929.07,28.48,3.45,406.08,13.12,29.93,1929.54
1929.08,30.1,3.42,429.18,13.26,31.48,1929.62
1929.09,31.3,3.39,446.29,13.4,32.56,1929.71
1929.1,27.99,3.37,399.1,13.55,28.96,1929.79
1929.11,20.58,3.34,293.44,13.69,21.17,1929.87
1929.12,21.4,3.32,306.91,13.91,22.01,1929.96
1930.01,21.71,3.29,313.17,14,22.31,1930.04
1930.02,23.07,3.29,334.75,14.1,23.7,1930.12
1930.03,23.94,3.3,349.43,14.19,24.59,1930.21
1930.04,25.46,3.3,369.43,14.12,25.84,1930.29
1930.05,23.94,3.31,349.43,14.22,24.31,1930.37
1930.06,21.52,3.31,315.98,14.32,21.87,1930.46
1930.07,21.06,3.32,312.95,14.5,21.55,1930.54
1930.08,20.79,3.32,310.81,14.6,21.3,1930.62
1930.09,20.78,3.32,308.79,14.53,21.07,1930.71
1930.1,17.92,3.33,267.9,14.63,18.21,1930.79
1930.11,16.62,3.33,249.98,14.73,16.94,1930.87
1930.12,15.51,3.34,237.63,15.01,16.06,1930.96
1931.01,15.98,3.34,247.91,15,16.71,1931.04
1931.02,17.2,3.37,270.24,14.98,18.16,1931.12
1931.03,17.53,3.4,277.19,14.86,18.58,1931.21
1931.04,15.86,3.43,252.4,14.75,16.87,1931.29
1931.05,14.33,3.45,231.03,14.72,15.4,1931.37
1931.06,13.87,3.48,226.58,14.7,15.06,1931.46
1931.07,14.33,3.51,234.09,14.49,15.52,1931.54
1931.08,13.9,3.54,227.07,14.27,15.01,1931.62
1931.09,11.83,3.57,194.54,14.14,12.82,1931.71
1931.1,10.25,3.6,169.69,14.02,11.15,1931.79
1931.11,10.39,3.62,174.35,13.98,11.42,1931.87
1931.12,8.44,3.65,142.6,13.85,9.31,1931.96
1932.01,8.3,3.68,143.17,13.68,9.31,1932.04
1932.02,8.23,3.65,143.98,13.41,9.34,1932.12
1932.03,8.26,3.62,145.54,13.04,9.41,1932.21
1932.04,6.28,3.59,111.45,12.66,7.19,1932.29
1932.05,5.51,3.56,99.21,12.36,6.39,1932.37
1932.06,4.77,3.53,86.52,11.97,5.57,1932.46
1932.07,5.01,3.5,90.87,11.49,5.84,1932.54
1932.08,7.53,3.46,137.59,11.09,8.83,1932.62
1932.09,8.26,3.43,152.05,10.68,9.76,1932.71
1932.1,7.12,3.4,132.05,10.26,8.48,1932.79
1932.11,7.05,3.37,131.75,9.84,8.46,1932.87
1932.12,6.82,3.34,128.42,9.42,8.26,1932.96
1933.01,7.09,3.31,135.57,9.47,8.73,1933.04
1933.02,6.25,3.29,121.39,9.52,7.83,1933.12
1933.03,6.23,3.28,121.97,9.49,7.87,1933.21
1933.04,6.89,3.26,134.89,9.4,8.72,1933.29
1933.05,8.87,3.25,173.65,9.3,11.25,1933.37
1933.06,10.39,3.23,201.81,9.13,13.1,1933.46
1933.07,11.23,3.22,211.46,8.76,13.75,1933.54
1933.08,10.67,3.2,199.39,8.6,13,1933.62
1933.09,10.58,3.18,197.71,8.5,12.92,1933.71
1933.1,9.55,3.17,178.46,8.41,11.7,1933.79
1933.11,9.78,3.15,182.76,8.32,12.01,1933.87
1933.12,9.97,3.14,186.31,8.22,12.28,1933.96
1934.01,10.54,3.12,196.97,8.24,13.03,1934.04
1934.02,11.32,3.09,209.95,8.19,13.93,1934.12
1934.03,10.74,3.07,199.19,8.21,13.25,1934.21
1934.04,10.92,3.04,202.53,8.22,13.52,1934.29
1934.05,9.81,3.01,181.94,8.24,12.18,1934.37
1934.06,9.94,2.98,182.98,8.19,12.29,1934.46
1934.07,9.47,2.96,174.33,8.21,11.74,1934.54
1934.08,9.1,2.93,167.52,8.22,11.32,1934.62
1934.09,8.88,2.9,161.06,8.12,10.91,1934.71
1934.1,8.95,2.87,163.54,8.19,11.11,1934.79
1934.11,9.2,2.85,168.1,8.21,11.45,1934.87
1934.12,9.26,2.82,170.46,8.28,11.64,1934.96
1935.01,9.26,2.79,167.96,8.16,11.5,1935.04
1935.02,8.98,2.78,161.69,8.1,11.09,1935.12
1935.03,8.41,2.77,151.43,8.1,10.4,1935.21
1935.04,9.04,2.76,161.59,7.98,11.1,1935.29
1935.05,9.75,2.74,174.28,7.92,11.99,1935.37
1935.06,10.12,2.73,182.21,7.92,12.54,1935.46
1935.07,10.65,2.72,191.76,7.92,13.2,1935.54
1935.08,11.37,2.71,204.72,7.92,14.11,1935.62
1935.09,11.61,2.7,209.04,7.92,14.42,1935.71
1935.1,11.92,2.69,214.62,8.1,14.83,1935.79
1935.11,13.04,2.67,233.09,8.22,16.13,1935.87
1935.12,13.04,2.66,233.09,8.4,16.16,1935.96
1936.01,13.76,2.65,245.96,8.58,17.09,1936.04
1936.02,14.55,2.65,260.08,8.76,18.1,1936.12
1936.03,14.86,2.66,267.56,9,18.66,1936.21
1936.04,14.88,2.66,267.92,9.3,18.72,1936.29
1936.05,14.09,2.66,253.7,9.6,17.75,1936.37
1936.06,14.69,2.66,262.58,9.83,18.39,1936.46
1936.07,15.56,2.67,276.13,10.12,19.36,1936.54
1936.08,15.87,2.67,279.62,10.4,19.62,1936.62
1936.09,16.05,2.67,282.79,10.75,19.86,1936.71
1936.1,16.89,2.67,297.59,11.39,20.91,1936.79
1936.11,17.36,2.68,305.88,12.04,21.5,1936.87
1936.12,17.06,2.68,300.59,12.69,21.13,1936.96
1937.01,17.59,2.68,307.73,12.77,21.62,1937.04
1937.02,18.11,2.67,316.83,12.95,22.24,1937.12
1937.03,18.09,2.66,314.25,13.03,22.04,1937.21
1937.04,17.01,2.65,293.42,13.45,20.56,1937.29
1937.05,16.25,2.64,278.36,13.88,19.47,1937.37
1937.06,15.64,2.63,267.91,14.39,18.71,1937.46
1937.07,16.57,2.62,281.89,13.89,19.65,1937.54
1937.08,16.74,2.61,284.78,13.5,19.81,1937.62
1937.09,14.37,2.6,242.79,13.01,16.85,1937.71
1937.1,12.28,2.59,207.48,13.18,14.36,1937.79
1937.11,11.2,2.58,190.53,13.44,13.16,1937.87
1937.12,11.02,2.57,188.77,13.7,13.01,1937.96
1938.01,11.31,2.56,196.47,13.78,13.51,1938.04
1938.02,11.04,2.54,193.14,13.76,13.26,1938.12
1938.03,10.31,2.53,180.37,13.65,12.38,1938.21
1938.04,9.89,2.51,171.8,13.32,11.79,1938.29
1938.05,9.98,2.49,174.6,13.18,11.99,1938.37
1938.06,10.21,2.48,178.62,12.95,12.29,1938.46
1938.07,12.24,2.46,214.13,12.48,14.77,1938.54
1938.08,12.31,2.44,215.36,12.01,14.9,1938.62
1938.09,11.75,2.43,205.56,11.55,14.28,1938.71
1938.1,13.06,2.41,230.11,10.75,16.06,1938.79
1938.11,13.07,2.39,230.29,9.87,16.15,1938.87
1938.12,12.69,2.38,223.59,8.99,15.76,1938.96
1939.01,12.5,2.36,220.24,9.04,15.6,1939.04
1939.02,12.4,2.35,220.05,9.17,15.66,1939.12
1939.03,12.39,2.34,219.88,9.23,15.73,1939.21
1939.04,10.83,2.32,193.59,9.35,13.92,1939.29
1939.05,11.23,2.31,200.74,9.41,14.5,1939.37
1939.06,11.43,2.3,204.31,9.47,14.83,1939.46
1939.07,11.71,2.29,209.31,9.65,15.27,1939.54
1939.08,11.54,2.27,206.28,9.83,15.12,1939.62
1939.09,12.77,2.26,223.41,9.8,16.45,1939.71
1939.1,12.9,2.25,227.29,10.22,16.82,1939.79
1939.11,12.67,2.24,223.24,10.57,16.6,1939.87
1939.12,12.37,2.22,217.95,10.92,16.28,1939.96
1940.01,12.3,2.21,218.28,11.06,16.38,1940.04
1940.02,12.22,2.19,215.31,11.04,16.22,1940.12
1940.03,12.15,2.17,214.08,11.1,16.17,1940.21
1940.04,12.27,2.15,216.19,11.22,16.37,1940.29
1940.05,10.58,2.12,186.41,11.34,14.14,1940.37
1940.06,9.67,2.1,169.17,11.37,12.84,1940.46
1940.07,9.99,2.08,176.02,11.57,13.37,1940.54
1940.08,10.2,2.06,179.72,11.69,13.65,1940.62
1940.09,10.63,2.04,187.3,11.81,14.21,1940.71
1940.1,10.73,2.02,189.06,11.81,14.33,1940.79
1940.11,10.98,1.99,193.46,11.81,14.64,1940.87
1940.12,10.53,1.97,184.22,11.72,13.91,1940.96
1941.01,10.55,1.95,184.57,11.78,13.9,1941.04
1941.02,9.89,1.99,173.02,11.84,13,1941.12
1941.03,9.95,2.04,172.85,11.81,12.96,1941.21
1941.04,9.64,2.08,166.29,11.79,12.43,1941.29
1941.05,9.43,2.12,161.54,11.76,12.04,1941.37
1941.06,9.76,2.16,163.78,11.58,12.16,1941.46
1941.07,10.26,2.21,172.17,11.63,12.74,1941.54
1941.08,10.21,2.25,169.03,11.53,12.46,1941.62
1941.09,10.24,2.29,167.28,11.44,12.28,1941.71
1941.1,9.83,2.33,158.48,11.34,11.58,1941.79
1941.11,9.37,2.38,150.09,11.32,10.91,1941.87
1941.12,8.76,2.42,139.41,11.3,10.09,1941.96
1942.01,8.93,2.46,140.31,11.05,10.1,1942.04
1942.02,8.65,2.46,135.05,10.88,9.68,1942.12
1942.03,8.18,2.46,126.11,10.64,9,1942.21
1942.04,7.84,2.46,120.12,10.42,8.54,1942.29
1942.05,7.93,2.46,120.01,10.14,8.51,1942.37
1942.06,8.33,2.46,126.06,9.99,8.91,1942.46
1942.07,8.64,2.47,129.95,9.73,9.15,1942.54
1942.08,8.59,2.47,128.42,9.47,9.01,1942.62
1942.09,8.68,2.47,129.77,9.27,9.08,1942.71
1942.1,9.32,2.47,137.66,9.01,9.6,1942.79
1942.11,9.47,2.47,139.05,8.81,9.66,1942.87
1942.12,9.52,2.47,138.95,8.61,9.62,1942.96
1943.01,10.09,2.47,147.27,8.61,10.15,1943.04
1943.02,10.69,2.47,156.03,8.61,10.71,1943.12
1943.03,11.07,2.47,158.76,8.46,10.85,1943.21
1943.04,11.44,2.47,162.18,8.36,11.04,1943.29
1943.05,11.89,2.47,167.6,8.32,11.36,1943.37
1943.06,12.1,2.47,170.56,8.32,11.52,1943.46
1943.07,12.35,2.48,175.08,8.41,11.77,1943.54
1943.08,11.74,2.48,167.4,8.51,11.21,1943.62
1943.09,11.99,2.48,169.98,8.51,11.34,1943.71
1943.1,11.88,2.48,168.42,8.55,11.19,1943.79
1943.11,11.33,2.48,160.62,8.6,10.63,1943.87
1943.12,11.48,2.48,162.75,8.65,10.74,1943.96
1944.01,11.85,2.48,167.99,8.69,11.05,1944.04
1944.02,11.77,2.47,166.86,8.74,10.95,1944.12
1944.03,12.1,2.46,171.54,8.79,11.22,1944.21
1944.04,11.89,2.45,167.6,8.79,10.94,1944.29
1944.05,12.1,2.44,170.56,8.83,11.1,1944.37
1944.06,12.67,2.43,177.58,8.83,11.53,1944.46
1944.07,13,2.43,181.17,8.83,11.74,1944.54
1944.08,12.81,2.42,178.52,8.87,11.54,1944.62
1944.09,12.6,2.41,175.6,8.92,11.33,1944.71
1944.1,12.91,2.4,179.92,8.92,11.58,1944.79
1944.11,12.82,2.39,178.66,8.92,11.48,1944.87
1944.12,13.1,2.38,181.54,8.87,11.64,1944.96
1945.01,13.49,2.37,186.95,8.92,11.96,1945.04
1945.02,13.94,2.36,193.18,8.96,12.34,1945.12
1945.03,13.93,2.34,193.04,9.01,12.32,1945.21
1945.04,14.28,2.33,197.89,9.01,12.63,1945.29
1945.05,14.82,2.31,204.23,8.96,13.04,1945.37
1945.06,15.09,2.3,205.65,8.86,13.13,1945.46
1945.07,14.78,2.28,201.43,8.9,12.87,1945.54
1945.08,14.83,2.27,202.11,8.95,12.92,1945.62
1945.09,15.84,2.25,215.87,8.99,13.8,1945.71
1945.1,16.5,2.24,224.87,8.99,14.37,1945.79
1945.11,17.04,2.22,232.23,8.99,14.85,1945.87
1945.12,17.33,2.21,234.88,8.95,15.02,1945.96
1946.01,18.02,2.19,244.23,9.04,15.62,1946.04
1946.02,18.07,2.2,246.26,9.18,15.76,1946.12
1946.03,17.53,2.2,236.29,9.17,15.13,1946.21
1946.04,18.66,2.21,250.16,9.12,16.04,1946.29
1946.05,18.7,2.21,249.34,9.07,16.01,1946.37
1946.06,18.58,2.22,245.09,8.97,15.77,1946.46
1946.07,18.05,2.22,224.87,8.51,14.51,1946.54
1946.08,17.7,2.23,216.14,8.39,13.98,1946.62
1946.09,15.09,2.23,182.47,8.34,11.84,1946.71
1946.1,14.75,2.24,174.92,8.26,11.39,1946.79
1946.11,14.69,2.24,170.12,8.15,11.11,1946.87
1946.12,15.13,2.25,173.59,8.15,11.37,1946.96
1947.01,15.21,2.25,174.51,8.18,11.47,1947.04
1947.02,15.8,2.27,181.28,8.22,11.95,1947.12
1947.03,15.16,2.28,170.76,8.11,11.29,1947.21
1947.04,14.6,2.3,164.45,8.26,10.9,1947.29
1947.05,14.34,2.31,161.52,8.41,10.73,1947.37
1947.06,14.84,2.33,166.39,8.52,11.08,1947.46
1947.07,15.77,2.35,175.23,8.56,11.7,1947.54
1947.08,15.46,2.36,169.49,8.55,11.34,1947.62
1947.09,15.06,2.38,161.52,8.47,10.83,1947.71
1947.1,15.45,2.39,165.7,8.65,11.13,1947.79
1947.11,15.27,2.41,163.06,8.79,10.98,1947.87
1947.12,15.03,2.42,158.44,8.85,10.68,1947.96
1948.01,14.83,2.44,154.35,8.78,10.42,1948.04
1948.02,14.1,2.43,148,8.89,10,1948.12
1948.03,14.3,2.42,150.74,8.96,10.19,1948.21
1948.04,15.4,2.41,159.61,8.81,10.78,1948.29
1948.05,16.15,2.4,166.69,8.77,11.24,1948.37
1948.06,16.82,2.39,172.16,8.7,11.58,1948.46
1948.07,16.42,2.38,166,8.66,11.13,1948.54
1948.08,15.94,2.36,160.49,8.69,10.72,1948.62
1948.09,15.76,2.35,158.68,8.76,10.55,1948.71
1948.1,16.19,2.34,163.67,9,10.83,1948.79
1948.11,15.29,2.33,155.85,9.28,10.25,1948.87
1948.12,15.19,2.32,155.48,9.52,10.16,1948.96
1949.01,15.36,2.31,157.87,9.73,10.25,1949.04
1949.02,14.77,2.31,153.08,9.98,9.87,1949.12
1949.03,14.91,2.31,154.53,10.16,9.9,1949.21
1949.04,14.89,2.31,153.68,10.25,9.78,1949.29
1949.05,14.78,2.31,153.19,10.43,9.69,1949.37
1949.06,13.97,2.31,144.19,10.53,9.07,1949.46
1949.07,14.76,2.32,153.62,10.69,9.61,1949.54
1949.08,15.29,2.32,158.47,10.71,9.85,1949.62
1949.09,15.49,2.32,159.87,10.73,9.88,1949.71
1949.1,15.89,2.32,165.39,11.17,10.17,1949.79
1949.11,16.11,2.32,166.97,11.47,10.22,1949.87
1949.12,16.54,2.32,172.88,11.92,10.53,1949.96
1950.01,16.88,2.32,177.19,12.07,10.75,1950.04
1950.02,17.21,2.34,180.65,12.18,10.91,1950.12
1950.03,17.35,2.36,181.35,12.23,10.91,1950.21
1950.04,17.84,2.38,186.47,12.33,11.18,1950.29
1950.05,18.44,2.4,191.93,12.39,11.46,1950.37
1950.06,18.74,2.42,194.23,12.44,11.55,1950.46
1950.07,17.38,2.45,177.89,12.73,10.54,1950.54
1950.08,18.43,2.47,187.09,13.06,11.04,1950.62
1950.09,19.08,2.49,192.89,13.45,11.34,1950.71
1950.1,19.87,2.51,199.24,13.8,11.66,1950.79
1950.11,19.83,2.53,198.04,14.21,11.54,1950.87
1950.12,19.75,2.55,194.87,14.5,11.31,1950.96
1951.01,21.21,2.57,205.98,14.44,11.9,1951.04
1951.02,22,2.58,211.16,14.43,12.14,1951.12
1951.03,21.63,2.59,206.8,14.53,11.84,1951.21
1951.04,21.92,2.6,209.58,14.66,11.95,1951.29
1951.05,21.93,2.61,208.86,14.73,11.86,1951.37
1951.06,21.55,2.62,205.24,14.86,11.62,1951.46
1951.07,21.93,2.63,208.86,14.73,11.78,1951.54
1951.08,22.89,2.63,218.01,14.6,12.26,1951.62
1951.09,23.48,2.64,221.91,14.37,12.44,1951.71
1951.1,23.36,2.65,219.93,13.97,12.31,1951.79
1951.11,22.71,2.66,212.2,13.52,11.85,1951.87
1951.12,23.41,2.67,217.91,13.12,12.15,1951.96
1952.01,24.19,2.68,225.17,13.16,12.53,1952.04
1952.02,23.75,2.69,222.76,13.29,12.36,1952.12
1952.03,23.81,2.71,223.32,13.32,12.36,1952.21
1952.04,23.74,2.72,221.82,13.36,12.24,1952.29
1952.05,23.73,2.73,221.73,13.45,12.2,1952.37
1952.06,24.38,2.74,226.94,13.5,12.45,1952.46
1952.07,25.08,2.76,231.71,13.4,12.67,1952.54
1952.08,25.18,2.77,232.63,13.4,12.68,1952.62
1952.09,24.78,2.78,228.94,13.4,12.43,1952.71
1952.1,24.26,2.79,224.13,13.27,12.13,1952.79
1952.11,25.03,2.81,231.24,13.15,12.47,1952.87
1952.12,26.04,2.82,240.58,13.03,12.93,1952.96
1953.01,26.18,2.83,242.78,13.08,13.01,1953.04
1953.02,25.86,2.8,240.72,13.12,12.86,1953.12
1953.03,25.99,2.77,241.02,13.08,12.83,1953.21
1953.04,24.71,2.83,229.15,13.11,12.16,1953.29
1953.05,24.84,3.05,229.49,13.09,12.14,1953.37
1953.06,23.95,3.11,220.44,13.07,11.62,1953.46
1953.07,24.29,2.93,223.57,13.07,11.75,1953.54
1953.08,24.39,2.95,223.66,13.02,11.72,1953.62
1953.09,23.27,2.87,213.39,13.02,11.14,1953.71
1953.1,23.97,2.66,218.99,13.06,11.39,1953.79
1953.11,24.5,2.68,224.67,13.2,11.64,1953.87
1953.12,24.83,2.59,227.69,13.3,11.75,1953.96
1954.01,25.46,2.48,233.47,13.36,12,1954.04
1954.02,26.02,2.47,238.6,13.42,12.22,1954.12
1954.03,26.57,2.37,243.65,13.48,12.42,1954.21
1954.04,27.63,2.29,254.31,13.47,12.91,1954.29
1954.05,28.73,2.37,263.45,13.36,13.31,1954.37
1954.06,28.96,2.38,265.56,13.3,13.36,1954.46
1954.07,30.13,2.3,276.29,13.36,13.83,1954.54
1954.08,30.73,2.36,281.79,13.42,14.04,1954.62
1954.09,31.45,2.38,289.47,13.53,14.36,1954.71
1954.1,32.18,2.43,296.19,13.74,14.62,1954.79
1954.11,33.44,2.48,307.79,13.96,15.12,1954.87
1954.12,34.97,2.51,323.08,14.23,15.79,1954.96
1955.01,35.6,2.61,328.9,14.29,15.99,1955.04
1955.02,36.79,2.65,339.89,14.35,16.44,1955.12
1955.03,36.5,2.68,337.21,14.41,16.22,1955.21
1955.04,37.76,2.75,348.85,14.44,16.69,1955.29
1955.05,37.6,2.76,347.38,14.47,16.52,1955.37
1955.06,39.78,2.78,367.52,14.5,17.37,1955.46
1955.07,42.69,2.9,392.93,14.6,18.45,1955.54
1955.08,42.43,2.97,390.54,14.76,18.22,1955.62
1955.09,44.34,2.97,406.6,14.86,18.84,1955.71
1955.1,42.11,2.88,386.15,14.92,17.77,1955.79
1955.11,44.95,2.89,412.19,14.98,18.84,1955.87
1955.12,45.37,2.96,417.6,15.09,18.94,1955.96
1956.01,44.15,2.9,406.37,15.37,18.29,1956.04
1956.02,44.43,2.84,408.94,15.65,18.27,1956.12
1956.03,47.49,2.96,437.11,15.92,19.37,1956.21
1956.04,48.05,3.18,440.62,16.08,19.37,1956.29
1956.05,46.54,3.07,425.19,16.23,18.54,1956.37
1956.06,46.27,3,419.62,16.32,18.16,1956.46
1956.07,48.78,3.11,439.15,16.32,18.86,1956.54
1956.08,48.49,3.33,438.14,16.51,18.67,1956.62
1956.09,46.84,3.38,421.69,16.56,17.84,1956.71
1956.1,46.24,3.34,414.77,16.21,17.42,1956.79
1956.11,45.76,3.49,410.46,15.91,17.12,1956.87
1956.12,46.44,3.59,415.05,15.55,17.2,1956.96
1957.01,45.43,3.46,406.03,15.52,16.72,1957.04
1957.02,43.47,3.34,387.11,15.44,15.84,1957.12
1957.03,44.03,3.41,390.68,15.35,15.9,1957.21
1957.04,45.05,3.48,398.3,15.3,16.12,1957.29
1957.05,46.78,3.6,412.12,15.24,16.6,1957.37
1957.06,47.55,3.8,417.41,15.19,16.73,1957.46
1957.07,48.51,3.93,422.83,15.17,16.87,1957.54
1957.08,45.84,3.93,399.56,15.25,15.87,1957.62
1957.09,43.98,3.92,383.35,15.34,15.16,1957.71
1957.1,41.24,3.97,359.46,15.43,14.15,1957.79
1957.11,40.35,3.72,350.47,15.46,13.74,1957.87
1957.12,40.33,3.21,350.29,15.55,13.67,1957.96
1958.01,41.12,3.09,354.66,15.38,13.79,1958.04
1958.02,41.26,3.05,355.87,15.32,13.78,1958.12
1958.03,42.11,2.98,360.67,15.16,13.93,1958.21
1958.04,42.34,2.88,361.39,14.99,13.91,1958.29
1958.05,43.7,2.92,373,14.88,14.32,1958.37
1958.06,44.75,2.97,381.96,14.77,14.64,1958.46
1958.07,45.98,3.2,391.11,14.72,14.96,1958.54
1958.08,47.7,3.54,407.14,14.77,15.54,1958.62
1958.09,48.96,3.76,417.89,14.77,15.93,1958.71
1958.1,50.95,3.8,434.88,14.82,16.56,1958.79
1958.11,52.5,3.74,446.56,14.83,16.99,1958.87
1958.12,53.49,3.86,456.56,14.94,17.36,1958.96
1959.01,55.62,4.02,473.1,14.94,17.98,1959.04
1959.02,54.77,3.96,467.48,15.05,17.76,1959.12
1959.03,56.16,3.99,479.35,15.11,18.2,1959.21
1959.04,57.1,4.12,485.69,15.11,18.43,1959.29
1959.05,57.96,4.31,493.01,15.17,18.69,1959.37
1959.06,57.46,4.34,487.07,15.17,18.45,1959.46
1959.07,59.74,4.4,504.67,15.18,19.09,1959.54
1959.08,59.4,4.43,501.79,15.23,18.96,1959.62
1959.09,57.05,4.68,480.3,15.24,18.12,1959.71
1959.1,57,4.53,478.24,15.24,18.02,1959.79
1959.11,57.23,4.53,480.17,15.3,18.07,1959.87
1959.12,59.06,4.69,495.53,15.35,18.62,1959.96
1960.01,58.03,4.72,488.55,15.72,18.34,1960.04
1960.02,55.78,4.49,468.01,15.97,17.55,1960.12
1960.03,55.02,4.25,461.63,16.28,17.29,1960.21
1960.04,55.73,4.28,466,16.25,17.43,1960.29
1960.05,55.22,4.35,461.74,16.28,17.26,1960.37
1960.06,57.26,4.15,477.18,16.25,17.82,1960.46
1960.07,55.84,3.9,465.35,16.25,17.38,1960.54
1960.08,56.51,3.8,470.93,16.25,17.58,1960.62
1960.09,54.81,3.8,456.76,16.25,17.05,1960.71
1960.1,53.73,3.89,444.76,16.14,16.61,1960.79
1960.11,55.47,3.93,459.16,16.14,17.15,1960.87
1960.12,56.8,3.84,470.17,16.14,17.56,1960.96
1961.01,59.72,3.84,494.34,16.11,18.47,1961.04
1961.02,62.17,3.78,514.62,16.09,19.23,1961.12
1961.03,64.12,3.74,530.76,16.06,19.84,1961.21
1961.04,65.83,3.78,544.92,16.06,20.38,1961.29
1961.05,66.5,3.71,550.46,16.06,20.6,1961.37
1961.06,65.62,3.88,543.18,16.06,20.33,1961.46
1961.07,65.44,3.92,538.08,16.01,20.15,1961.54
1961.08,67.79,4.04,559.26,16.11,20.94,1961.62
1961.09,67.26,3.98,553.04,16.12,20.71,1961.71
1961.1,68,3.92,559.13,16.28,20.92,1961.79
1961.11,71.08,3.94,584.45,16.44,21.86,1961.87
1961.12,71.74,4.06,589.88,16.61,22.04,1961.96
1962.01,69.07,4.08,567.92,16.66,21.2,1962.04
1962.02,70.22,4.04,575.46,16.66,21.45,1962.12
1962.03,70.29,3.93,576.04,16.72,21.44,1962.21
1962.04,68.05,3.84,555.83,16.72,20.66,1962.29
1962.05,62.99,3.87,514.5,16.77,19.09,1962.37
1962.06,55.63,3.91,454.39,16.83,16.83,1962.46
1962.07,56.97,4.01,463.8,16.82,17.14,1962.54
1962.08,58.52,3.98,476.41,16.88,17.57,1962.62
1962.09,58,3.98,470.63,16.88,17.32,1962.71
1962.1,56.17,3.93,455.78,17.01,16.74,1962.79
1962.11,60.04,3.92,487.18,17.15,17.85,1962.87
1962.12,62.64,3.86,508.28,17.28,18.59,1962.96
1963.01,65.06,3.83,527.91,17.34,19.26,1963.04
1963.02,65.92,3.92,534.89,17.39,19.47,1963.12
1963.03,65.67,3.93,531.12,17.39,19.29,1963.21
1963.04,68.76,3.97,556.11,17.52,20.15,1963.29
1963.05,70.14,3.93,567.27,17.66,20.51,1963.37
1963.06,70.11,3.99,565.17,17.73,20.38,1963.46
1963.07,69.07,4.02,554.98,17.7,19.97,1963.54
1963.08,70.98,4,570.32,17.73,20.47,1963.62
1963.09,72.85,4.08,585.35,17.76,20.96,1963.71
1963.1,73.03,4.11,584.89,17.89,20.89,1963.79
1963.11,72.62,4.12,581.6,18.07,20.72,1963.87
1963.12,74.17,4.13,592.1,18.2,21.04,1963.96
1964.01,76.45,4.17,610.3,18.33,21.63,1964.04
1964.02,77.39,4.15,617.8,18.47,21.83,1964.12
1964.03,78.8,4.22,629.06,18.6,22.17,1964.21
1964.04,79.94,4.23,638.16,18.73,22.42,1964.29
1964.05,80.72,4.2,644.38,18.87,22.57,1964.37
1964.06,80.24,4.17,638.49,18.94,22.3,1964.46
1964.07,83.22,4.19,660.07,19.04,22.98,1964.54
1964.08,82,4.19,652.49,19.26,22.65,1964.62
1964.09,83.41,4.2,661.58,19.35,22.89,1964.71
1964.1,84.85,4.19,673,19.51,23.21,1964.79
1964.11,85.44,4.15,675.51,19.61,23.23,1964.87
1964.12,83.96,4.18,663.8,19.77,22.75,1964.96
1965.01,86.12,4.19,680.88,19.9,23.27,1965.04
1965.02,86.75,4.21,685.86,20.03,23.37,1965.12
1965.03,86.83,4.21,684.3,20.1,23.25,1965.21
1965.04,87.97,4.2,691.08,20.19,23.42,1965.29
1965.05,89.28,4.21,701.37,20.35,23.71,1965.37
1965.06,85.04,4.21,663.83,20.37,22.39,1965.46
1965.07,84.91,4.2,662.82,20.5,22.3,1965.54
1965.08,86.49,4.25,675.15,20.63,22.67,1965.62
1965.09,89.38,4.29,697.71,20.76,23.37,1965.71
1965.1,91.39,4.35,711.15,20.85,23.78,1965.79
1965.11,92.15,4.45,717.07,21.01,23.93,1965.87
1965.12,91.73,4.62,711.55,21.1,23.69,1965.96
1966.01,93.32,4.61,723.89,21.25,24.06,1966.04
1966.02,92.69,4.83,714.51,21.28,23.7,1966.12
1966.03,88.88,4.87,683,21.36,22.61,1966.21
1966.04,91.6,4.75,699.54,21.36,23.11,1966.29
1966.05,86.78,4.78,662.73,21.49,21.85,1966.37
1966.06,86.06,4.81,655.21,21.55,21.56,1966.46
1966.07,85.84,5.02,651.52,21.63,21.38,1966.54
1966.08,80.65,5.22,608.39,21.65,19.91,1966.62
1966.09,77.81,5.18,586.96,21.8,19.16,1966.71
1966.1,77.13,5.01,578.3,21.62,18.83,1966.79
1966.11,80.99,5.16,607.24,21.57,19.71,1966.87
1966.12,81.33,4.84,609.79,21.52,19.74,1966.96
1967.01,84.45,4.58,633.18,21.59,20.43,1967.04
1967.02,87.36,4.63,655,21.67,21.07,1967.12
1967.03,89.42,4.54,668.41,21.68,21.44,1967.21
1967.04,90.96,4.59,677.87,21.61,21.69,1967.29
1967.05,92.59,4.85,687.94,21.55,21.95,1967.37
1967.06,91.43,5.02,677.28,21.48,21.55,1967.46
1967.07,93.01,5.16,686.92,21.47,21.8,1967.54
1967.08,94.49,5.28,695.77,21.45,22.03,1967.62
1967.09,95.81,5.3,703.39,21.44,22.22,1967.71
1967.1,95.66,5.48,700.2,21.37,22.07,1967.79
1967.11,92.66,5.75,676.24,21.31,21.26,1967.87
1967.12,95.3,5.7,693.45,21.25,21.75,1967.96
1968.01,95.04,5.53,687.5,21.2,21.51,1968.04
1968.02,90.75,5.56,654.55,21.21,20.42,1968.12
1968.03,89.09,5.74,640.7,21.22,19.93,1968.21
1968.04,95.67,5.64,686.02,21.25,21.28,1968.29
1968.05,97.87,5.87,699.77,21.28,21.63,1968.37
1968.06,100.5,5.72,714.43,21.26,22,1968.46
1968.07,100.3,5.5,708.92,21.23,21.75,1968.54
1968.08,98.11,5.42,691.46,21.26,21.14,1968.62
1968.09,101.3,5.46,711.91,21.29,21.68,1968.71
1968.1,103.8,5.58,725.35,21.27,22,1968.79
1968.11,105.4,5.7,734.45,21.3,22.2,1968.87
1968.12,106.5,6.03,740.02,21.33,22.28,1968.96
1969.01,102,6.04,706.76,21.34,21.19,1969.04
1969.02,101.5,6.19,699.37,21.29,20.9,1969.12
1969.03,99.3,6.3,678.52,21.18,20.2,1969.21
1969.04,101.3,6.17,688.38,21.13,20.43,1969.29
1969.05,104.6,6.32,708.85,21.14,20.97,1969.37
1969.06,99.14,6.57,668.18,21.1,19.71,1969.46
1969.07,94.71,6.72,634.85,21.03,18.68,1969.54
1969.08,94.18,6.69,627.88,20.96,18.43,1969.62
1969.09,94.51,7.16,628.39,20.94,18.4,1969.71
1969.1,95.52,7.1,631.7,20.85,18.45,1969.79
1969.11,96.21,7.14,632.87,20.76,18.44,1969.87
1969.12,91.11,7.65,596.14,20.68,17.33,1969.96
1970.01,90.31,7.79,589.34,20.64,17.09,1970.04
1970.02,87.16,7.24,565.79,20.56,16.37,1970.12
1970.03,88.65,7.07,572.45,20.47,16.53,1970.21
1970.04,85.95,7.39,550.69,20.33,15.87,1970.29
1970.05,76.06,7.91,486.06,20.3,13.98,1970.37
1970.06,75.59,7.84,480.57,20.22,13.8,1970.46
1970.07,75.72,7.46,478.93,20.13,13.73,1970.54
1970.08,77.92,7.53,492.84,20.16,14.1,1970.62
1970.09,82.58,7.39,519.65,20.07,14.84,1970.71
1970.1,84.37,7.33,528.22,19.87,15.06,1970.79
1970.11,84.28,6.84,524.99,19.66,14.95,1970.87
1970.12,90.05,6.39,558.11,19.46,15.87,1970.96
1971.01,93.49,6.24,579.43,19.4,16.46,1971.04
1971.02,97.11,6.11,600.36,19.29,17.03,1971.12
1971.03,99.6,5.7,614.22,19.18,17.4,1971.21
1971.04,103,5.83,633.6,19.11,17.92,1971.29
1971.05,101.6,6.39,621.89,19,17.56,1971.37
1971.06,99.72,6.52,605.87,18.83,17.08,1971.46
1971.07,99,6.73,600.02,18.77,16.89,1971.54
1971.08,97.24,6.58,587.91,18.7,16.52,1971.62
1971.09,99.4,6.14,600.96,18.68,16.86,1971.71
1971.1,97.29,5.93,586.77,18.6,16.43,1971.79
1971.11,92.78,5.81,559.57,18.56,15.64,1971.87
1971.12,99.17,5.93,595.2,18.43,16.6,1971.96
1972.01,103.3,5.95,619.98,18.43,17.26,1972.04
1972.02,105.2,6.08,628.33,18.34,17.46,1972.12
1972.03,107.7,6.07,641.71,18.29,17.81,1972.21
1972.04,108.8,6.19,646.7,18.25,17.92,1972.29
1972.05,107.7,6.13,638.62,18.2,17.66,1972.37
1972.06,108,6.11,638.87,18.16,17.64,1972.46
1972.07,107.2,6.11,631.11,18.09,17.4,1972.54
1972.08,111,6.21,651.92,18.07,17.94,1972.62
1972.09,109.4,6.55,641,18.05,17.61,1972.71
1972.1,109.6,6.48,639.14,18.1,17.53,1972.79
1972.11,115.1,6.28,669.63,18.19,18.34,1972.87
1972.12,117.5,6.36,681.98,18.28,18.65,1972.96
1973.01,118.4,6.46,685.59,18.28,18.71,1973.04
1973.02,114.2,6.64,656.65,18.19,17.89,1973.12
1973.03,112.4,6.71,640.33,18.06,17.41,1973.21
1973.04,110.3,6.67,624.04,18.03,16.94,1973.29
1973.05,107.2,6.85,602.36,18,16.31,1973.37
1973.06,104.8,6.9,584.87,17.97,15.81,1973.46
1973.07,105.8,7.13,589.12,18.02,15.89,1973.54
1973.08,103.8,7.4,567.73,17.79,15.28,1973.62
1973.09,105.6,7.09,576.3,17.85,15.48,1973.71
1973.1,109.8,6.79,593.96,17.89,15.91,1973.79
1973.11,102,6.73,548.16,17.97,14.65,1973.87
1973.12,94.78,6.74,506.05,18.05,13.49,1973.96
1974.01,96.11,6.99,508.75,18,13.53,1974.04
1974.02,93.45,6.96,488.38,17.87,12.96,1974.12
1974.03,97.44,7.21,502.84,17.75,13.31,1974.21
1974.04,92.46,7.51,475.15,17.78,12.55,1974.29
1974.05,89.67,7.58,455.13,17.66,12,1974.37
1974.06,89.79,7.54,452.02,17.62,11.89,1974.46
1974.07,79.31,7.81,396.03,17.63,10.39,1974.54
1974.08,76.03,8.04,375.09,17.56,9.82,1974.62
1974.09,68.12,8.04,332.08,17.5,8.68,1974.71
1974.1,69.44,7.9,335.21,17.35,8.74,1974.79
1974.11,71.74,7.68,343.62,17.23,8.95,1974.87
1974.12,67.07,7.43,318.77,17.11,8.29,1974.96
1975.01,72.56,7.5,343.54,17.16,8.92,1975.04
1975.02,80.1,7.39,376.35,17.13,9.76,1975.12
1975.03,83.78,7.73,392.15,17.18,10.16,1975.21
1975.04,84.72,8.23,395.05,17.18,10.23,1975.29
1975.05,90.1,8.06,417.77,17.14,10.82,1975.37
1975.06,92.4,7.86,425.24,17.07,11.01,1975.46
1975.07,92.49,8.06,420.94,16.88,10.9,1975.54
1975.08,85.71,8.4,389.36,16.85,10.09,1975.62
1975.09,84.67,8.43,382.52,16.76,9.92,1975.71
1975.1,88.57,8.14,397.96,16.62,10.33,1975.79
1975.11,90.07,8.05,401.77,16.46,10.44,1975.87
1975.12,88.7,8,394.23,16.36,10.25,1975.96
1976.01,96.86,7.74,429.73,16.34,11.19,1976.04
1976.02,100.6,7.79,444.72,16.3,11.59,1976.12
1976.03,101.1,7.73,446.13,16.28,11.63,1976.21
1976.04,101.9,7.56,448.06,16.33,11.69,1976.29
1976.05,101.2,7.9,441.83,16.31,11.53,1976.37
1976.06,101.8,7.86,442.1,16.33,11.54,1976.46
1976.07,104.2,7.83,450.15,16.37,11.76,1976.54
1976.08,103.3,7.77,443.93,16.42,11.6,1976.62
1976.09,105.5,7.59,451.81,16.49,11.81,1976.71
1976.1,101.9,7.41,434.13,16.69,11.35,1976.79
1976.11,101.2,7.29,430.4,16.94,11.25,1976.87
1976.12,104.7,6.87,443.76,17.17,11.6,1976.96
1977.01,103.8,7.21,437.69,17.27,11.44,1977.04
1977.02,101,7.39,421.56,17.29,11.01,1977.12
1977.03,100.6,7.46,417.06,17.37,10.9,1977.21
1977.04,99.05,7.37,407.22,17.46,10.64,1977.29
1977.05,98.76,7.46,404,17.6,10.55,1977.37
1977.06,99.29,7.28,403.5,17.72,10.53,1977.46
1977.07,100.2,7.33,405.19,17.82,10.57,1977.54
1977.08,97.75,7.4,393.99,17.95,10.27,1977.62
1977.09,96.23,7.34,386.6,18.08,10.07,1977.71
1977.1,93.74,7.52,375.38,18.25,9.77,1977.79
1977.11,94.28,7.58,375.71,18.38,9.77,1977.87
1977.12,93.82,7.69,372.67,18.55,9.68,1977.96
1978.01,90.25,7.96,356.2,18.6,9.24,1978.04
1978.02,88.98,8.03,348.95,18.65,9.05,1978.12
1978.03,88.82,8.04,345.58,18.68,8.95,1978.21
1978.04,92.71,8.15,357.89,18.67,9.26,1978.29
1978.05,97.41,8.35,372.53,18.64,9.63,1978.37
1978.06,97.66,8.46,369.48,18.58,9.55,1978.46
1978.07,97.19,8.64,364.9,18.57,9.43,1978.54
1978.08,103.9,8.41,388.32,18.63,10.02,1978.62
1978.09,103.9,8.42,385.4,18.62,9.94,1978.71
1978.1,100.6,8.64,369.83,18.52,9.53,1978.79
1978.11,94.71,8.81,346.62,18.49,8.93,1978.87
1978.12,96.11,9.01,350.19,18.47,9.01,1978.96
1979.01,99.71,9.1,360.11,18.47,9.26,1979.04
1979.02,98.23,9.1,350.66,18.41,9,1979.12
1979.03,100.1,9.12,353.75,18.38,9.07,1979.21
1979.04,102.1,9.18,356.73,18.33,9.13,1979.29
1979.05,99.73,9.25,344.07,18.26,8.79,1979.37
1979.06,101.7,8.91,346.98,18.22,8.85,1979.46
1979.07,102.7,8.95,346.56,18.21,8.83,1979.54
1979.08,107.4,9.03,358.98,18.23,9.13,1979.62
1979.09,108.6,9.33,359.1,18.22,9.11,1979.71
1979.1,104.5,10.3,342.78,18.23,8.68,1979.79
1979.11,103.7,10.65,337.02,18.21,8.52,1979.87
1979.12,107.8,10.39,346.69,18.17,8.75,1979.96
1980.01,110.9,10.8,351.62,18.07,8.85,1980.04
1980.02,115.3,12.41,360.47,17.98,9.05,1980.12
1980.03,104.7,12.75,322.43,17.86,8.08,1980.21
1980.04,103,11.47,313.67,17.81,7.84,1980.29
1980.05,107.7,10.18,324.78,17.77,8.1,1980.37
1980.06,114.6,9.78,341.82,17.72,8.51,1980.46
1980.07,119.8,10.25,357.33,17.85,8.88,1980.54
1980.08,123.5,11.1,365.72,17.85,9.07,1980.62
1980.09,126.5,11.51,371.48,17.83,9.2,1980.71
1980.1,130.2,11.75,378.74,17.74,9.36,1980.79
1980.11,135.7,12.68,391.5,17.69,9.65,1980.87
1980.12,133.5,12.84,381.59,17.61,9.39,1980.96
1981.01,133,12.57,377.1,17.58,9.26,1981.04
1981.02,128.4,13.19,360.33,17.51,8.83,1981.12
1981.03,133.2,13.12,371.26,17.5,9.08,1981.21
1981.04,134.4,13.68,372.09,17.49,9.09,1981.29
1981.05,131.7,14.1,361.77,17.45,8.82,1981.37
1981.06,132.3,13.47,360.21,17.4,8.77,1981.46
1981.07,129.1,14.28,347.66,17.32,8.45,1981.54
1981.08,129.6,14.94,346.36,17.31,8.4,1981.62
1981.09,118.3,15.32,313.11,17.26,7.58,1981.71
1981.1,119.8,15.15,316.4,17.32,7.65,1981.79
1981.11,122.9,13.39,323.55,17.36,7.81,1981.87
1981.12,123.8,13.72,324.87,17.4,7.83,1981.96
1982.01,117.3,14.59,306.84,17.42,7.39,1982.04
1982.02,114.5,14.43,298.56,17.44,7.18,1982.12
1982.03,110.8,13.86,289.22,17.54,6.95,1982.21
1982.04,116.3,13.87,302.3,17.55,7.26,1982.29
1982.05,116.4,13.62,299.72,17.46,7.19,1982.37
1982.06,109.7,14.3,278.97,17.32,6.69,1982.46
1982.07,109.4,13.95,276.78,17.26,6.64,1982.54
1982.08,109.7,13.06,276.97,17.26,6.64,1982.62
1982.09,122.4,12.34,308.4,17.26,7.4,1982.71
1982.1,132.7,10.91,333.34,17.22,8,1982.79
1982.11,138.1,10.55,347.61,17.28,8.35,1982.87
1982.12,139.4,10.54,352.32,17.36,8.47,1982.96
1983.01,144.3,10.46,363.96,17.36,8.76,1983.04
1983.02,146.8,10.72,369.88,17.38,8.91,1983.12
1983.03,151.9,10.51,382.73,17.41,9.23,1983.21
1983.04,157.7,10.4,394.53,17.31,9.53,1983.29
1983.05,164.1,10.38,408.06,17.23,9.87,1983.37
1983.06,166.4,10.85,412.53,17.21,10,1983.46
1983.07,167,11.38,412.36,17.19,10.01,1983.54
1983.08,162.4,11.85,399.8,17.18,9.73,1983.62
1983.09,167.2,11.65,409.57,17.15,9.98,1983.71
1983.1,167.7,11.54,409.58,17.17,10,1983.79
1983.11,165.2,11.69,402.67,17.21,9.85,1983.87
1983.12,164.4,11.83,400.33,17.26,9.82,1983.96
1984.01,166.4,11.67,402.81,17.24,9.89,1984.04
1984.02,157.3,11.84,378.92,17.22,9.32,1984.12
1984.03,157.4,12.32,378.43,17.26,9.33,1984.21
1984.04,157.6,12.63,377.07,17.28,9.31,1984.29
1984.05,156.6,13.41,373.59,17.34,9.23,1984.37
1984.06,153.1,13.56,364.18,17.39,9.01,1984.46
1984.07,151.1,13.36,358.04,17.38,8.87,1984.54
1984.08,164.4,12.72,388.07,17.37,9.62,1984.62
1984.09,166.1,12.52,390.21,17.34,9.69,1984.71
1984.1,164.8,12.16,386.06,17.41,9.6,1984.79
1984.11,166.3,11.57,389.57,17.52,9.69,1984.87
1984.12,164.5,11.5,385.35,17.64,9.6,1984.96
1985.01,171.6,11.38,401.22,17.71,10,1985.04
1985.02,180.9,11.51,420.97,17.72,10.49,1985.12
1985.03,179.4,11.86,415.91,17.76,10.37,1985.21
1985.04,180.6,11.43,416.74,17.74,10.4,1985.29
1985.05,184.9,10.85,425.07,17.73,10.61,1985.37
1985.06,188.9,10.16,433.05,17.74,10.81,1985.46
1985.07,192.5,10.31,440.49,17.79,11,1985.54
1985.08,188.3,10.33,430.08,17.83,10.74,1985.62
1985.09,184.1,10.37,419.32,17.86,10.47,1985.71
1985.1,186.2,10.24,422.54,17.84,10.55,1985.79
1985.11,197.5,9.78,446.95,17.83,11.16,1985.87
1985.12,207.3,9.26,467.84,17.83,11.69,1985.96
1986.01,208.2,9.19,468.59,17.87,11.72,1986.04
1986.02,219.4,8.7,495.15,18.01,12.39,1986.12
1986.03,232.3,7.78,526.68,18.18,13.19,1986.21
1986.04,238,7.3,540.59,18.28,13.55,1986.29
1986.05,238.5,7.71,540.24,18.29,13.56,1986.37
1986.06,245.3,7.8,552.59,18.25,13.89,1986.46
1986.07,240.2,7.3,541.1,18.34,13.62,1986.54
1986.08,245,7.17,550.91,18.41,13.89,1986.62
1986.09,238.3,7.45,533.41,18.42,13.47,1986.71
1986.1,237.4,7.43,530.92,18.44,13.43,1986.79
1986.11,245.1,7.25,547.64,18.46,13.87,1986.87
1986.12,248.6,7.11,554.96,18.48,14.09,1986.96
1987.01,264.5,7.08,586.74,18.41,14.92,1987.04
1987.02,280.9,7.25,620.88,18.39,15.82,1987.12
1987.03,292.5,7.25,643.64,18.35,16.43,1987.21
1987.04,289.3,8.02,633.21,18.39,16.2,1987.29
1987.05,289.1,8.61,630.53,18.45,16.16,1987.37
1987.06,301.4,8.4,655.04,18.52,16.83,1987.46
1987.07,310.1,8.45,672.17,18.57,17.31,1987.54
1987.08,329.4,8.76,710.26,18.57,18.33,1987.62
1987.09,318.7,9.42,683.61,18.58,17.68,1987.71
1987.1,280.2,9.52,599.46,18.63,15.53,1987.79
1987.11,245,8.86,523.7,18.72,13.59,1987.87
1987.12,241,8.99,515.15,18.83,13.39,1987.96
1988.01,250.5,8.67,534.07,18.88,13.9,1988.04
1988.02,258.1,8.21,548.85,18.93,14.3,1988.12
1988.03,265.7,8.37,562.58,18.95,14.67,1988.21
1988.04,262.6,8.72,553.17,19.05,14.43,1988.29
1988.05,256.1,9.09,537.64,19.18,14.03,1988.37
1988.06,270.7,8.92,565.89,19.29,14.77,1988.46
1988.07,269.1,9.06,560.17,19.37,14.61,1988.54
1988.08,263.7,9.26,546.62,19.45,14.24,1988.62
1988.09,268,8.98,551.82,19.48,14.37,1988.71
1988.1,277.4,8.8,569.28,19.6,14.81,1988.79
1988.11,271,8.96,555.68,19.77,14.45,1988.87
1988.12,276.5,9.11,566.02,19.96,14.7,1988.96
1989.01,285.4,9.09,581.34,19.99,15.09,1989.04
1989.02,294,9.17,596.4,20.08,15.47,1989.12
1989.03,292.7,9.36,590.36,20.19,15.3,1989.21
1989.04,302.3,9.18,605.76,20.21,15.69,1989.29
1989.05,313.9,8.86,625.45,20.31,16.19,1989.37
1989.06,323.7,8.28,643.42,20.61,16.64,1989.46
1989.07,331.9,8.02,658.13,20.67,17.01,1989.54
1989.08,346.6,8.11,686.17,20.88,17.73,1989.62
1989.09,347.3,8.19,685.36,21.17,17.71,1989.71
1989.1,347.4,8.01,682.28,21.2,17.64,1989.79
1989.11,340.2,7.87,666.55,21.4,17.24,1989.87
1989.12,348.6,7.84,681.92,21.64,17.65,1989.96
1990.01,339.97,8.21,658.25,21.57,17.05,1990.04
1990.02,330.45,8.47,636.82,21.64,16.51,1990.12
1990.03,338.46,8.59,648.71,21.7,16.83,1990.21
1990.04,338.18,8.79,647.17,21.89,16.81,1990.29
1990.05,350.25,8.76,668.71,22.06,17.39,1990.37
1990.06,360.39,8.48,684.36,22.14,17.82,1990.46
1990.07,360.03,8.47,681.06,22.18,17.75,1990.54
1990.08,330.75,8.75,619.96,22.09,16.17,1990.62
1990.09,315.41,8.89,586.31,21.99,15.3,1990.71
1990.1,307.12,8.72,567.48,22.04,14.82,1990.79
1990.11,315.29,8.39,581.27,22.15,15.19,1990.87
1990.12,328.75,8.08,606.08,22.29,15.85,1990.96
1991.01,325.49,8.09,596.51,22.19,15.61,1991.04
1991.02,362.26,7.85,662.91,22.17,17.35,1991.12
1991.03,372.28,8.11,680.23,22.13,17.82,1991.21
1991.04,379.68,8.04,692.73,22.13,18.16,1991.29
1991.05,377.99,8.07,687.61,22.08,18.04,1991.37
1991.06,378.29,8.28,686.13,22.04,18.02,1991.46
1991.07,380.23,8.27,688.64,22.08,18.1,1991.54
1991.08,389.4,7.9,703.18,22.1,18.51,1991.62
1991.09,387.2,7.65,696.15,22.08,18.36,1991.71
1991.1,386.88,7.53,694.56,22,18.35,1991.79
1991.11,385.92,7.42,690.83,21.89,18.29,1991.87
1991.12,388.51,7.09,694.96,21.82,18.44,1991.96
1992.01,416.08,7.03,743.2,21.86,19.77,1992.04
1992.02,412.56,7.34,734.25,21.86,19.58,1992.12
1992.03,407.36,7.54,721.36,21.82,19.28,1992.21
1992.04,407.41,7.48,720.41,21.79,19.3,1992.29
1992.05,414.81,7.39,732.45,21.75,19.66,1992.37
1992.06,408.27,7.26,718.33,21.68,19.32,1992.46
1992.07,415.05,6.84,728.7,21.67,19.62,1992.54
1992.08,417.93,6.59,731.67,21.65,19.72,1992.62
1992.09,418.48,6.42,730.56,21.65,19.71,1992.71
1992.1,412.5,6.59,717.58,21.55,19.37,1992.79
1992.11,422.84,6.87,734.53,21.51,19.83,1992.87
1992.12,435.64,6.77,757.3,21.54,20.45,1992.96
1993.01,435.23,6.6,752.87,21.47,20.32,1993.04
1993.02,441.7,6.26,761.4,21.46,20.55,1993.12
1993.03,450.16,5.98,773.28,21.44,20.86,1993.21
1993.04,443.08,5.97,759,21.4,20.46,1993.29
1993.05,445.25,6.04,761.66,21.39,20.52,1993.37
1993.06,448.06,5.96,765.41,21.39,20.61,1993.46
1993.07,447.29,5.81,764.09,21.39,20.56,1993.54
1993.08,454.13,5.68,773.63,21.33,20.81,1993.62
1993.09,459.24,5.36,780.72,21.28,20.99,1993.71
1993.1,463.9,5.33,785.39,21.23,21.11,1993.79
1993.11,462.89,5.72,783.15,21.25,21.04,1993.87
1993.12,465.95,5.77,788.32,21.28,21.16,1993.96
1994.01,472.99,5.75,798.04,21.3,21.41,1994.04
1994.02,471.58,5.97,792.95,21.3,21.26,1994.12
1994.03,463.81,6.48,777.24,21.3,20.83,1994.21
1994.04,447.23,6.97,748.44,21.34,20.06,1994.29
1994.05,450.9,7.18,754.07,21.4,20.2,1994.37
1994.06,454.83,7.1,758.07,21.4,20.29,1994.46
1994.07,451.4,7.3,750.33,21.39,20.07,1994.54
1994.08,464.24,7.24,768.56,21.36,20.54,1994.62
1994.09,466.96,7.46,771,21.33,20.58,1994.71
1994.1,463.81,7.74,765.28,21.47,20.4,1994.79
1994.11,461.01,7.96,759.65,21.58,20.21,1994.87
1994.12,455.19,7.81,750.06,21.7,19.91,1994.96
1995.01,465.25,7.78,763.57,21.63,20.22,1995.04
1995.02,481.92,7.47,787.79,21.55,20.8,1995.12
1995.03,493.15,7.2,803.48,21.46,21.15,1995.21
1995.04,507.91,7.06,824.81,21.51,21.64,1995.29
1995.05,523.81,6.63,848.95,21.57,22.2,1995.37
1995.06,539.35,6.17,872.42,21.61,22.72,1995.46
1995.07,557.37,6.28,901.56,21.74,23.38,1995.54
1995.08,559.11,6.49,902.01,21.8,23.28,1995.62
1995.09,578.77,6.2,931.9,21.87,23.95,1995.71
1995.1,582.92,6.04,935.53,21.91,23.93,1995.79
1995.11,595.53,5.93,956.39,22.03,24.35,1995.87
1995.12,614.57,5.71,987.61,22.16,25.03,1995.96
1996.01,614.42,5.65,981.61,22.2,24.76,1996.04
1996.02,649.54,5.81,1034.37,22.29,25.98,1996.12
1996.03,647.07,6.27,1025.14,22.34,25.63,1996.21
1996.04,647.17,6.51,1021.37,22.34,25.42,1996.29
1996.05,661.23,6.74,1041.56,22.39,25.81,1996.37
1996.06,668.5,6.91,1052.34,22.46,25.97,1996.46
1996.07,644.07,6.87,1011.94,22.62,24.86,1996.54
1996.08,662.68,6.64,1039.2,22.79,25.41,1996.62
1996.09,674.88,6.83,1054.97,22.92,25.68,1996.71
1996.1,701.46,6.53,1093.06,22.97,26.48,1996.79
1996.11,735.67,6.2,1144.2,23.05,27.59,1996.87
1996.12,743.25,6.3,1155.99,23.17,27.72,1996.96
1997.01,766.22,6.58,1187.97,23.18,28.33,1997.04
1997.02,798.39,6.42,1233.97,23.19,29.27,1997.12
1997.03,792.16,6.69,1221.28,23.22,28.8,1997.21
1997.04,763.93,6.89,1176.29,23.24,27.59,1997.29
1997.05,833.09,6.71,1283.58,23.31,29.93,1997.37
1997.06,876.29,6.49,1348.46,23.33,31.26,1997.46
1997.07,925.29,6.22,1422.08,23.39,32.77,1997.54
1997.08,927.24,6.3,1422.42,23.43,32.59,1997.62
1997.09,937.02,6.21,1433.86,23.46,32.67,1997.71
1997.1,951.16,6.03,1451.89,23.49,32.9,1997.79
1997.11,938.92,5.88,1434.1,23.59,32.34,1997.87
1997.12,962.37,5.81,1471.74,23.7,33.03,1997.96
1998.01,963.36,5.54,1470.52,23.74,32.86,1998.04
1998.02,1023.74,5.57,1559.79,23.77,34.71,1998.12
1998.03,1076.83,5.65,1637.64,23.79,36.3,1998.21
1998.04,1112.2,5.64,1688.31,23.91,37.28,1998.29
1998.05,1108.42,5.65,1679.47,24.02,36.96,1998.37
1998.06,1108.39,5.5,1677.36,24.14,36.8,1998.46
1998.07,1156.58,5.46,1748.15,24.21,38.26,1998.54
1998.08,1074.62,5.34,1622.28,24.28,35.42,1998.62
1998.09,1020.64,4.81,1538.9,24.34,33.53,1998.71
1998.1,1032.47,4.53,1552.95,24.32,33.77,1998.79
1998.11,1144.43,4.83,1721.34,24.34,37.37,1998.87
1998.12,1190.05,4.65,1791.05,24.38,38.82,1998.96
1999.01,1248.77,4.72,1874.85,24.45,40.58,1999.04
1999.02,1246.58,5,1869.29,24.54,40.4,1999.12
1999.03,1281.66,5.23,1916.07,24.59,41.36,1999.21
1999.04,1334.76,5.18,1981.05,24.42,42.7,1999.29
1999.05,1332.07,5.54,1977.05,24.42,42.56,1999.37
1999.06,1322.55,5.9,1962.92,24.42,42.18,1999.46
1999.07,1380.99,5.79,2043.51,24.44,43.83,1999.54
1999.08,1327.49,5.94,1959.64,24.47,41.93,1999.62
1999.09,1318.17,5.92,1936.61,24.45,41.32,1999.71
1999.1,1300.01,6.11,1906.53,24.43,40.55,1999.79
1999.11,1391,6.03,2038.76,24.44,43.21,1999.87
1999.12,1428.68,6.28,2093.98,24.46,44.2,1999.96
2000.01,1425.59,6.66,2083.27,24.42,43.77,2000.04
2000.02,1388.87,6.52,2017.65,24.31,42.19,2000.12
2000.03,1442.21,6.26,2078.01,24.15,43.22,2000.21
2000.04,1461.36,5.99,2104.37,24.11,43.53,2000.29
2000.05,1418.48,6.44,2040.24,24.05,41.97,2000.37
2000.06,1461.96,6.1,2091.8,23.89,42.78,2000.46
2000.07,1473,6.05,2102.72,23.67,42.76,2000.54
2000.08,1485.46,5.83,2120.51,23.51,42.87,2000.62
2000.09,1468.05,5.8,2084.8,23.22,41.9,2000.71
2000.1,1390.14,5.74,1970.75,23.14,39.37,2000.79
2000.11,1378.04,5.72,1952.48,23.09,38.78,2000.87
2000.12,1330.93,5.24,1886.81,23.07,37.27,2000.96
2001.01,1335.63,5.16,1881.58,22.78,36.98,2001.04
2001.02,1305.75,5.1,1832.16,22.55,35.83,2001.12
2001.03,1185.85,4.89,1660.15,22.36,32.33,2001.21
2001.04,1189.84,5.14,1659.14,22.14,32.17,2001.29
2001.05,1270.37,5.39,1763.46,21.91,34.07,2001.37
2001.06,1238.71,5.28,1716.61,21.74,33.07,2001.46
2001.07,1204.45,5.24,1673.84,21.83,32.16,2001.54
2001.08,1178.5,4.97,1637.77,21.85,31.4,2001.62
2001.09,1044.64,4.73,1445.23,21.78,27.67,2001.71
2001.1,1076.59,4.57,1494.46,21.85,28.58,2001.79
2001.11,1129.68,4.65,1570.81,21.89,30.01,2001.87
2001.12,1144.93,5.09,1598.32,21.97,30.5,2001.96
2002.01,1140.21,5.04,1588.14,21.92,30.28,2002.04
2002.02,1100.67,4.91,1527.03,21.83,29.09,2002.12
2002.03,1153.79,5.28,1591.78,21.7,30.29,2002.21
2002.04,1111.93,5.21,1525.49,21.72,29.01,2002.29
2002.05,1079.25,5.16,1480.66,21.86,28.13,2002.37
2002.06,1014.02,4.93,1390.39,21.99,26.39,2002.46
2002.07,903.59,4.65,1237.6,21.86,23.46,2002.54
2002.08,912.55,4.26,1245.72,21.68,23.59,2002.62
2002.09,867.81,3.87,1182.68,21.53,22.37,2002.71
2002.1,854.63,3.94,1162.79,21.62,21.96,2002.79
2002.11,909.93,4.05,1238.03,21.74,23.35,2002.87
2002.12,899.18,4.03,1226.11,21.91,23.1,2002.96
2003.01,895.84,4.05,1216.18,21.88,22.9,2003.04
2003.02,837.03,3.9,1127.65,21.78,21.21,2003.12
2003.03,846.63,3.81,1133.77,21.72,21.31,2003.21
2003.04,890.03,3.96,1194.49,21.75,22.43,2003.29
2003.05,935.96,3.57,1258.18,21.76,23.59,2003.37
2003.06,988,3.33,1326.69,21.71,24.83,2003.46
2003.07,992.54,3.98,1331.34,21.88,24.87,2003.54
2003.08,989.53,4.45,1322.27,21.98,24.64,2003.62
2003.09,1019.44,4.27,1357.82,22.1,25.24,2003.71
2003.1,1038.73,4.29,1385.01,22.48,25.68,2003.79
2003.11,1049.9,4.3,1403.7,22.89,25.95,2003.87
2003.12,1080.64,4.27,1446.37,23.28,26.64,2003.96
2004.01,1132.52,4.15,1508.44,23.44,27.66,2004.04
2004.02,1143.36,4.08,1514.7,23.59,27.65,2004.12
2004.03,1123.98,3.83,1479.49,23.72,26.89,2004.21
2004.04,1133.36,4.35,1487.07,23.9,26.9,2004.29
2004.05,1102.78,4.72,1438.53,24.01,25.9,2004.37
2004.06,1132.76,4.73,1472.97,24.19,26.4,2004.46
2004.07,1105.85,4.5,1440.25,24.47,25.7,2004.54
2004.08,1088.94,4.28,1417.48,24.7,25.17,2004.62
2004.09,1117.66,4.13,1451.8,24.89,25.67,2004.71
2004.1,1117.21,4.1,1443.61,24.88,25.41,2004.79
2004.11,1168.94,4.19,1509.67,24.99,26.47,2004.87
2004.12,1199.21,4.23,1554.46,25.2,27.14,2004.96
2005.01,1181.41,4.22,1528.17,25.49,26.59,2005.04
2005.02,1199.63,4.17,1542.84,25.68,26.74,2005.12
2005.03,1194.9,4.5,1524.83,25.82,26.34,2005.21
2005.04,1164.43,4.34,1476.02,25.94,25.41,2005.29
2005.05,1178.28,4.14,1495.12,26.26,25.65,2005.37
2005.06,1202.25,4,1524.75,26.54,26.07,2005.46
2005.07,1222.24,4.18,1542.96,26.65,26.29,2005.54
2005.08,1224.27,4.26,1537.65,26.74,26.1,2005.62
2005.09,1225.92,4.2,1521.14,26.64,25.73,2005.71
2005.1,1191.96,4.46,1476.03,26.9,24.88,2005.79
2005.11,1237.37,4.54,1544.67,27.43,25.93,2005.87
2005.12,1262.07,4.47,1581.91,27.85,26.44,2005.96
2006.01,1278.73,4.42,1590.66,27.87,26.47,2006.04
2006.02,1276.65,4.57,1584.88,28.05,26.25,2006.12
2006.03,1293.74,4.72,1597.25,28.12,26.33,2006.21
2006.04,1302.17,4.99,1594.1,28.16,26.15,2006.29
2006.05,1290.01,5.11,1571.41,28.29,25.65,2006.37
2006.06,1253.17,5.11,1523.53,28.5,24.75,2006.46
2006.07,1260.24,5.09,1527.61,28.68,24.7,2006.54
2006.08,1287.15,4.88,1557.16,28.89,25.05,2006.62
2006.09,1317.74,4.72,1602.03,29.3,25.64,2006.71
2006.1,1363.38,4.73,1666.55,29.78,26.54,2006.79
2006.11,1388.64,4.6,1699.95,30.14,26.93,2006.87
2006.12,1416.42,4.56,1731.38,30.41,27.28,2006.96
2007.01,1424.16,4.76,1735.55,30.57,27.21,2007.04
2007.02,1444.8,4.72,1751.33,30.65,27.32,2007.12
2007.03,1406.95,4.56,1690.06,30.62,26.23,2007.21
2007.04,1463.64,4.69,1746.81,30.69,26.98,2007.29
2007.05,1511.14,4.75,1792.55,30.77,27.55,2007.37
2007.06,1514.19,5.1,1792.69,30.98,27.42,2007.46
2007.07,1520.71,5,1800.87,31.31,27.41,2007.54
2007.08,1454.62,4.67,1725.77,31.69,26.15,2007.62
2007.09,1497.12,4.52,1771.31,31.92,26.73,2007.71
2007.1,1539.66,4.53,1817.75,32.15,27.32,2007.79
2007.11,1463.39,4.15,1717.5,32.25,25.73,2007.87
2007.12,1479.22,4.1,1737.25,32.57,25.96,2007.96
2008.01,1378.76,3.74,1611.25,32.63,24.02,2008.04
2008.02,1354.87,3.74,1578.75,32.75,23.5,2008.12
2008.03,1316.94,3.51,1521.37,32.69,22.61,2008.21
2008.04,1370.47,3.68,1573.66,32.65,23.36,2008.29
2008.05,1403.22,3.88,1597.81,32.54,23.7,2008.37
2008.06,1341.25,4.1,1512.01,32.37,22.42,2008.46
2008.07,1257.33,4.01,1410,32.25,20.91,2008.54
2008.08,1281.47,3.89,1442.83,32.43,21.4,2008.62
2008.09,1216.95,3.69,1372.09,32.53,20.36,2008.71
2008.1,968.8,3.81,1103.45,32.69,16.39,2008.79
2008.11,883.04,3.53,1025.41,33.15,15.26,2008.87
2008.12,877.56,2.42,1029.7,33.31,15.38,2008.96
2009.01,865.58,2.52,1011.24,32.73,15.17,2009.04
2009.02,805.23,2.87,936.08,32.13,14.12,2009.12
2009.03,757.13,2.82,878.03,31.61,13.32,2009.21
2009.04,848.15,2.93,981.13,30.89,14.98,2009.29
2009.05,902.41,3.29,1040.89,30.16,16,2009.37
2009.06,926.12,3.72,1059.14,29.27,16.38,2009.46
2009.07,935.82,3.56,1071.93,28.67,16.69,2009.54
2009.08,1009.73,3.59,1154.01,27.96,18.09,2009.62
2009.09,1044.55,3.4,1193.05,27.3,18.83,2009.71
2009.1,1067.66,3.39,1218.28,26.7,19.36,2009.79
2009.11,1088.07,3.4,1240.69,26.12,19.81,2009.87
2009.12,1110.38,3.59,1268.36,25.6,20.32,2009.96
2010.01,1123.58,3.73,1279.07,25.32,20.53,2010.04
2010.02,1089.16,3.69,1239.58,25.12,19.92,2010.12
2010.03,1152.05,3.73,1305.79,24.82,21,2010.21
2010.04,1197.32,3.85,1354.75,24.83,21.8,2010.29
2010.05,1125.06,3.42,1272,24.87,20.48,2010.37
2010.06,1083.36,3.2,1226.05,24.94,19.74,2010.46
2010.07,1079.8,3.01,1221.76,25.05,19.67,2010.54
2010.08,1087.28,2.7,1228.53,25.14,19.77,2010.62
2010.09,1122.08,2.65,1267.12,25.24,20.38,2010.71
2010.1,1171.58,2.54,1321.37,25.35,21.24,2010.79
2010.11,1198.89,2.76,1351.6,25.48,21.7,2010.87
2010.12,1241.53,3.29,1397.27,25.58,22.4,2010.96
2011.01,1282.62,3.39,1436.67,25.72,22.98,2011.04
2011.02,1321.12,3.58,1472.54,25.86,23.49,2011.12
2011.03,1304.49,3.41,1439.96,25.86,22.9,2011.21
2011.04,1331.51,3.46,1460.38,26.03,23.14,2011.29
2011.05,1338.31,3.17,1460.97,26.24,23.06,2011.37
2011.06,1287.29,3,1406.78,26.6,22.1,2011.46
2011.07,1325.19,3,1446.91,26.88,22.61,2011.54
2011.08,1185.31,2.3,1290.62,27.11,20.05,2011.62
2011.09,1173.88,1.98,1276.24,27.38,19.7,2011.71
2011.1,1207.22,2.15,1315.2,27.89,20.16,2011.79
2011.11,1226.42,2.01,1337.25,28.36,20.35,2011.87
2011.12,1243.32,1.98,1359.03,28.89,20.52,2011.96
2012.01,1300.58,1.97,1415.39,29.1,21.21,2012.04
2012.02,1352.49,1.97,1465.43,29.3,21.8,2012.12
2012.03,1389.24,2.17,1493.9,29.41,22.05,2012.21
2012.04,1386.43,2.05,1486.39,29.67,21.78,2012.29
2012.05,1341.27,1.8,1439.66,30.05,20.94,2012.37
2012.06,1323.48,1.62,1422.65,30.44,20.55,2012.46
2012.07,1359.78,1.53,1464.06,30.95,21,2012.54
2012.08,1403.45,1.68,1502.71,31.23,21.41,2012.62
2012.09,1443.42,1.72,1538.65,31.54,21.78,2012.71
2012.1,1437.82,1.75,1533.27,32.14,21.58,2012.79
2012.11,1394.51,1.65,1494.17,32.89,20.9,2012.87
2012.12,1422.29,1.72,1528.05,33.57,21.24,2012.96
2013.01,1480.4,1.91,1585.79,33.78,21.9,2013.04
2013.02,1512.31,1.98,1606.81,33.81,22.05,2013.12
2013.03,1550.83,1.96,1643.44,34.03,22.42,2013.21
2013.04,1570.7,1.76,1666.23,34.47,22.6,2013.29
2013.05,1639.84,1.93,1736.48,34.82,23.41,2013.37
2013.06,1618.77,2.3,1710.07,35.15,22.93,2013.46
2013.07,1668.68,2.58,1762.1,35.53,23.49,2013.54
2013.08,1670.09,2.74,1761.47,35.88,23.36,2013.62
2013.09,1687.17,2.81,1777.42,36.24,23.44,2013.71
2013.1,1720.03,2.62,1816.71,36.54,23.83,2013.79
2013.11,1783.54,2.72,1887.65,36.82,24.64,2013.87
2013.12,1807.78,2.9,1913.47,37.04,24.86,2013.96
2014.01,1822.36,2.86,1921.75,37.33,24.86,2014.04
2014.02,1817.04,2.71,1909.08,37.63,24.59,2014.12
2014.03,1863.52,2.72,1945.39,37.82,24.96,2014.21
2014.04,1864.26,2.71,1939.76,38.1,24.79,2014.29
2014.05,1889.77,2.56,1959.46,38.36,24.94,2014.37
2014.06,1947.09,2.6,2015.14,38.69,25.56,2014.46
2014.07,1973.1,2.54,2042.86,39.08,25.82,2014.54
2014.08,1961.53,2.42,2034.28,39.53,25.62,2014.62
2014.09,1993.23,2.53,2065.6,39.89,25.92,2014.71
2014.1,1937.27,2.3,2012.67,40.32,25.16,2014.79
2014.11,2044.57,2.33,2135.67,40.87,26.61,2014.87
2014.12,2054.27,2.21,2158.04,41.43,26.79,2014.96
2015.01,2028.18,1.88,2140.71,42.11,26.49,2015.04
2015.02,2082.2,1.98,2188.22,42.41,27,2015.12
2015.03,2079.99,2.04,2172.97,42.63,26.73,2015.21
2015.04,2094.86,1.94,2184.06,42.87,26.79,2015.29
2015.05,2111.94,2.2,2190.7,42.98,26.81,2015.37
2015.06,2099.29,2.36,2169.98,43.15,26.5,2015.46
2015.07,2094.14,2.32,2164.51,43.41,26.38,2015.54
2015.08,2039.87,2.17,2111.41,43.74,25.69,2015.62
2015.09,1944.41,2.17,2015.74,44.07,24.5,2015.71
2015.1,2024.81,2.07,2100.03,44.39,25.49,2015.79
2015.11,2080.62,2.26,2162.48,44.79,26.23,2015.87
2015.12,2054.08,2.24,2142.21,45.25,25.97,2015.96
2016.01,1918.6,2.09,1997.62,45.35,24.21,2016.04
2016.02,1904.42,1.78,1981.22,45.48,24,2016.12
2016.03,2021.95,1.89,2094.47,45.45,25.37,2016.21
2016.04,2075.54,1.81,2139.84,45.44,25.92,2016.29
2016.05,2065.55,1.81,2120.96,45.45,25.69,2016.37
2016.06,2083.89,1.64,2132.79,45.5,25.84,2016.46
2016.07,2148.9,1.5,2202.89,45.77,26.69,2016.54
2016.08,2170.95,1.56,2223.45,45.92,26.95,2016.62
2016.09,2157.69,1.63,2204.57,46.01,26.73,2016.71
2016.1,2143.02,1.76,2186.85,46.18,26.53,2016.79
2016.11,2164.99,2.14,2212.72,46.48,26.85,2016.87
2016.12,2246.63,2.49,2295.4,46.69,27.87,2016.96
2017.01,2275.12,2.43,2311.04,46.65,28.06,2017.04
2017.02,2329.91,2.42,2359.28,46.74,28.66,2017.12
2017.03,2366.82,2.48,2394.71,46.93,29.09,2017.21
2017.04,2359.31,2.3,2380.05,47.07,28.9,2017.29
2017.05,2395.35,2.3,2414.34,47.31,29.31,2017.37
2017.06,2433.99,2.19,2451.07,47.55,29.75,2017.46